caseId,group,split,kind,label,boundary,status,autonomous,correctAutonomous,exactSet,top1,tp,expectedCount,predictedCount,multiCorrect,wrongCountry,wrongRegion,unsupportedAutosave,wallTimeMs,timeToCorrectUsableMs,costUsd,retries,cacheBehavior,failureClass,places,candidates,stages
C06,group-e18b75a07d89860b,TRAIN_DEVELOPMENT,real,UNVERIFIED,deterministic_policy_replay,review,false,,,,,0,1,true,,,false,2.312199999999848,,0,0,read_only_retained_evidence,,"[{""id"":""ChIJCYhMeztnXIYRmhgTIsz4azA"",""name"":""Tuxedo Cat's Coffee"",""locality"":""San Antonio"",""region"":""Texas"",""country"":""United States"",""address"":""6075 Heath Rd, San Antonio, TX 78250, USA""}]","[{""id"":""ChIJCYhMeztnXIYRmhgTIsz4azA"",""name"":""Tuxedo Cat's Coffee"",""locality"":""San Antonio"",""region"":""Texas"",""country"":""United States"",""address"":""6075 Heath Rd, San Antonio, TX 78250, USA""}]","[{""name"":""canonicalization_local_replay"",""startMs"":0.23820000000000618,""endMs"":1.8757000000000517},{""name"":""premium_policy_replay"",""startMs"":1.8804999999999836,""endMs"":1.9618000000000393},{""name"":""automatic_deep_and_finalizer_replay"",""startMs"":2.0301999999999225,""endMs"":2.2605999999998403}]"
H01,group-1462acfd3f7301c9,TRAIN_DEVELOPMENT,real,VERIFIED_EXACT_SINGLE,deterministic_policy_replay,review,false,false,true,true,1,1,1,true,,,false,3.9780000000000655,3.9780000000000655,0,0,read_only_retained_evidence,,"[{""id"":""ChIJE5pV1UMh3YARIhsItpUt0K8"",""name"":""2nd Floor Gallery Bar & Grill"",""locality"":""Huntington Beach"",""region"":""California"",""country"":""United States"",""address"":""126 Main St, Huntington Beach, CA 92648, USA""}]","[{""id"":""ChIJE5pV1UMh3YARIhsItpUt0K8"",""name"":""2nd Floor Gallery Bar & Grill"",""locality"":""Huntington Beach"",""region"":""California"",""country"":""United States"",""address"":""126 Main St, Huntington Beach, CA 92648, USA""}]","[{""name"":""canonicalization_local_replay"",""startMs"":0.11910000000011678,""endMs"":1.6217000000001462},{""name"":""premium_policy_replay"",""startMs"":1.6322999999999865,""endMs"":3.722099999999955},{""name"":""automatic_deep_and_finalizer_replay"",""startMs"":3.8442999999999756,""endMs"":3.940399999999954}]"
H02,group-c80c005bf0f8461e,TRAIN_DEVELOPMENT,real,VERIFIED_EXACT_SINGLE,deterministic_policy_replay,review,false,false,true,true,1,1,1,true,,,false,0.852100000000064,0.852100000000064,0,0,read_only_retained_evidence,,"[{""id"":""ChIJa-286P5BjoARx03hogk54cw"",""name"":""Mad Yolks"",""locality"":""Santa Cruz"",""region"":""California"",""country"":""United States"",""address"":""1411 Pacific Ave, Santa Cruz, CA 95060, USA""}]","[{""id"":""ChIJa-286P5BjoARx03hogk54cw"",""name"":""Mad Yolks"",""locality"":""Santa Cruz"",""region"":""California"",""country"":""United States"",""address"":""1411 Pacific Ave, Santa Cruz, CA 95060, USA""}]","[{""name"":""canonicalization_local_replay"",""startMs"":0.22289999999998145,""endMs"":0.7170000000000982},{""name"":""premium_policy_replay"",""startMs"":0.7237999999999829,""endMs"":0.7455999999999676},{""name"":""automatic_deep_and_finalizer_replay"",""startMs"":0.7658000000001266,""endMs"":0.8247000000001208}]"
H03,group-9926b4b686fcbb90,TRAIN_DEVELOPMENT,real,UNVERIFIED,deterministic_policy_replay,review,false,,,,,0,1,true,,,false,0.7426000000000386,,0,0,read_only_retained_evidence,,"[{""id"":""ChIJB7PfHJtqjoARSxWPsJUMYQA"",""name"":""Las Palmas Taco Bar"",""locality"":""Santa Cruz"",""region"":""California"",""country"":""United States"",""address"":""55 Front St, Santa Cruz, CA 95060, USA""}]","[{""id"":""ChIJB7PfHJtqjoARSxWPsJUMYQA"",""name"":""Las Palmas Taco Bar"",""locality"":""Santa Cruz"",""region"":""California"",""country"":""United States"",""address"":""55 Front St, Santa Cruz, CA 95060, USA""}]","[{""name"":""canonicalization_local_replay"",""startMs"":0.20010000000002037,""endMs"":0.4958999999998923},{""name"":""premium_policy_replay"",""startMs"":0.5380999999999858,""endMs"":0.5626999999999498},{""name"":""automatic_deep_and_finalizer_replay"",""startMs"":0.6058000000000447,""endMs"":0.6942999999998847}]"
H04,group-24136a7c1da16b4b,TRAIN_DEVELOPMENT,real,VERIFIED_EXACT_SINGLE,deterministic_policy_replay,review,false,false,true,true,1,1,1,true,,,false,0.8956000000000586,0.8956000000000586,0,0,read_only_retained_evidence,,"[{""id"":""ChIJnRX-2FJrjoARoeQkm8tJ08E"",""name"":""Seabright Deli"",""locality"":""Santa Cruz"",""region"":""California"",""country"":""United States"",""address"":""415 Seabright Ave, Santa Cruz, CA 95062, USA""}]","[{""id"":""ChIJnRX-2FJrjoARoeQkm8tJ08E"",""name"":""Seabright Deli"",""locality"":""Santa Cruz"",""region"":""California"",""country"":""United States"",""address"":""415 Seabright Ave, Santa Cruz, CA 95062, USA""}]","[{""name"":""canonicalization_local_replay"",""startMs"":0.17810000000008586,""endMs"":0.7350000000001273},{""name"":""premium_policy_replay"",""startMs"":0.7496000000001004,""endMs"":0.7950000000000728},{""name"":""automatic_deep_and_finalizer_replay"",""startMs"":0.8148000000001048,""endMs"":0.8727000000001226}]"
H05,group-c80c005bf0f8461e,TRAIN_DEVELOPMENT,real,VERIFIED_EXACT_SINGLE,deterministic_policy_replay,review,false,false,true,true,1,1,1,true,,,false,0.18829999999979918,0.18829999999979918,0,0,read_only_retained_evidence,,"[{""id"":""ChIJa-286P5BjoARx03hogk54cw"",""name"":""Mad Yolks"",""locality"":""Santa Cruz"",""region"":""California"",""country"":""United States"",""address"":""1411 Pacific Ave, Santa Cruz, CA 95060, USA""}]","[{""id"":""ChIJa-286P5BjoARx03hogk54cw"",""name"":""Mad Yolks"",""locality"":""Santa Cruz"",""region"":""California"",""country"":""United States"",""address"":""1411 Pacific Ave, Santa Cruz, CA 95060, USA""}]","[{""name"":""canonicalization_local_replay"",""startMs"":0.06609999999977845,""endMs"":0.14929999999981192},{""name"":""premium_policy_replay"",""startMs"":0.1533999999999196,""endMs"":0.16039999999998145},{""name"":""automatic_deep_and_finalizer_replay"",""startMs"":0.16619999999988977,""endMs"":0.18479999999999563}]"
H06,group-3004d54bb4bf5a5f,TRAIN_DEVELOPMENT,real,VERIFIED_EXACT_SINGLE,deterministic_policy_replay,review,false,false,false,false,0,1,1,true,,,false,0.8641999999999825,,0,0,read_only_retained_evidence,,"[{""id"":""ChIJdysZKQBNw4ARQHpLGNWirqc"",""name"":""Baqba Mexican Grill – Rialto"",""locality"":""Rialto"",""region"":""California"",""country"":""United States"",""address"":""1165 Renaissance Pkwy #410, Rialto, CA 92376, USA""}]","[{""id"":""ChIJdysZKQBNw4ARQHpLGNWirqc"",""name"":""Baqba Mexican Grill – Rialto"",""locality"":""Rialto"",""region"":""California"",""country"":""United States"",""address"":""1165 Renaissance Pkwy #410, Rialto, CA 92376, USA""},{""id"":""ChIJoV_1bwAzw4ARgnSzpaTeQLQ"",""name"":""Baqba Mexican Grill – Montclair"",""locality"":""Montclair"",""region"":""California"",""country"":""United States"",""address"":""4288 Holt Blvd unit J, Montclair, CA 91763, USA""}]","[{""name"":""canonicalization_local_replay"",""startMs"":0.15450000000009823,""endMs"":0.6443000000001575},{""name"":""canonicalization_local_replay"",""startMs"":0.6520000000000437,""endMs"":0.8277000000000498},{""name"":""premium_policy_replay"",""startMs"":0.8286000000000513,""endMs"":0.832700000000159},{""name"":""automatic_deep_and_finalizer_replay"",""startMs"":0.8387000000000171,""endMs"":0.8615999999999531}]"
H08,group-834d42451cf57548,TRAIN_DEVELOPMENT,real,VERIFIED_EXACT_SINGLE,deterministic_policy_replay,review,false,false,true,true,1,1,1,true,,,false,0.23340000000007421,0.23340000000007421,0,0,read_only_retained_evidence,,"[{""id"":""ChIJG1xM7EHX3IARfRat2N2mU84"",""name"":""Loaded Cafe – Orange"",""locality"":""Orange"",""region"":""California"",""country"":""United States"",""address"":""1834 N Tustin St, Orange, CA 92865, USA""}]","[{""id"":""ChIJG1xM7EHX3IARfRat2N2mU84"",""name"":""Loaded Cafe – Orange"",""locality"":""Orange"",""region"":""California"",""country"":""United States"",""address"":""1834 N Tustin St, Orange, CA 92865, USA""}]","[{""name"":""canonicalization_local_replay"",""startMs"":0.06529999999997926,""endMs"":0.1573000000000775},{""name"":""premium_policy_replay"",""startMs"":0.15820000000007894,""endMs"":0.19420000000013715},{""name"":""automatic_deep_and_finalizer_replay"",""startMs"":0.20070000000009713,""endMs"":0.23029999999994288}]"
H09,group-303db44b0f1a79ba,TRAIN_DEVELOPMENT,real,VERIFIED_EXACT_SINGLE,deterministic_policy_replay,review,false,false,false,false,0,1,1,true,,,false,0.5434000000000196,,0,0,read_only_retained_evidence,,"[{""id"":""ChIJ2R9lbmYqw4ARNY62k_90y4Y"",""name"":""Pho Bamboo Restaurant"",""locality"":""City of Industry"",""region"":""California"",""country"":""United States"",""address"":""18209 Gale Ave, City of Industry, CA 91748, USA""}]","[{""id"":""ChIJ2R9lbmYqw4ARNY62k_90y4Y"",""name"":""Pho Bamboo Restaurant"",""locality"":""City of Industry"",""region"":""California"",""country"":""United States"",""address"":""18209 Gale Ave, City of Industry, CA 91748, USA""}]","[{""name"":""canonicalization_local_replay"",""startMs"":0.06719999999995707,""endMs"":0.23659999999995307},{""name"":""premium_policy_replay"",""startMs"":0.23759999999992942,""endMs"":0.5000999999999749},{""name"":""automatic_deep_and_finalizer_replay"",""startMs"":0.5134000000000469,""endMs"":0.5391999999999371}]"
H10,group-fcfee9dbaea55d7b,TRAIN_DEVELOPMENT,real,UNVERIFIED,deterministic_policy_replay,review,false,,,,,0,1,true,,,false,0.40239999999994325,,0,0,read_only_retained_evidence,,"[{""id"":""ChIJvxBa4_4f3YARih5A9O_Z6ps"",""name"":""Baja Sharkeez Newport Beach"",""locality"":""Newport Beach"",""region"":""California"",""country"":""United States"",""address"":""114 Mc Fadden Pl, Newport Beach, CA 92663, USA""}]","[{""id"":""ChIJvxBa4_4f3YARih5A9O_Z6ps"",""name"":""Baja Sharkeez Newport Beach"",""locality"":""Newport Beach"",""region"":""California"",""country"":""United States"",""address"":""114 Mc Fadden Pl, Newport Beach, CA 92663, USA""}]","[{""name"":""canonicalization_local_replay"",""startMs"":0.11630000000013752,""endMs"":0.2233000000001084},{""name"":""premium_policy_replay"",""startMs"":0.22400000000016007,""endMs"":0.3683000000000902},{""name"":""automatic_deep_and_finalizer_replay"",""startMs"":0.3831000000000131,""endMs"":0.39820000000008804}]"
H11,group-2a4a183c93aee491,TRAIN_DEVELOPMENT,real,UNVERIFIED,deterministic_policy_replay,review,false,,,,,0,1,true,,,false,0.3264000000001488,,0,0,read_only_retained_evidence,,"[{""id"":""ChIJwfFb4flYwokRP78kZ3ER5a8"",""name"":""No Good Burger Joint"",""locality"":null,""region"":""New York"",""country"":""United States"",""address"":""119 W 56th St, New York, NY 10019, USA""}]","[{""id"":""ChIJwfFb4flYwokRP78kZ3ER5a8"",""name"":""No Good Burger Joint"",""locality"":null,""region"":""New York"",""country"":""United States"",""address"":""119 W 56th St, New York, NY 10019, USA""},{""id"":""ChIJ6UFvLv17wokRLxG2cJk8iFA"",""name"":""No Good Burger Joint – Rockville Centre"",""locality"":""Rockville Centre"",""region"":""New York"",""country"":""United States"",""address"":""88 N Village Ave, Rockville Centre, NY 11570, USA""},{""id"":""ChIJs6bUiwp7wokRzCTx1C_Cjq0"",""name"":""No Good Burger Joint – Baldwin"",""locality"":""Baldwin"",""region"":""New York"",""country"":""United States"",""address"":""930 Atlantic Ave, Baldwin, NY 11510, USA""}]","[{""name"":""canonicalization_local_replay"",""startMs"":0.0987999999999829,""endMs"":0.2315000000000964},{""name"":""canonicalization_local_replay"",""startMs"":0.23390000000017608,""endMs"":0.2898999999999887},{""name"":""premium_policy_replay"",""startMs"":0.2904000000000906,""endMs"":0.3024000000000342},{""name"":""automatic_deep_and_finalizer_replay"",""startMs"":0.30700000000001637,""endMs"":0.3218000000001666}]"
H12,group-4b172e80e17a5fa7,TRAIN_DEVELOPMENT,real,UNVERIFIED,deterministic_policy_replay,review,false,,,,,0,1,true,,,false,0.14899999999988722,,0,0,read_only_retained_evidence,,"[{""id"":""ChIJB8TeZRjkjYAR4UJK4fNQ8-M"",""name"":""Old Fisherman's Grotto"",""locality"":""Monterey"",""region"":""California"",""country"":""United States"",""address"":""39 Fishermans Wharf, Monterey, CA 93940, USA""}]","[{""id"":""ChIJB8TeZRjkjYAR4UJK4fNQ8-M"",""name"":""Old Fisherman's Grotto"",""locality"":""Monterey"",""region"":""California"",""country"":""United States"",""address"":""39 Fishermans Wharf, Monterey, CA 93940, USA""}]","[{""name"":""canonicalization_local_replay"",""startMs"":0.057900000000017826,""endMs"":0.12750000000005457},{""name"":""premium_policy_replay"",""startMs"":0.12819999999987886,""endMs"":0.13249999999993634},{""name"":""automatic_deep_and_finalizer_replay"",""startMs"":0.13560000000006767,""endMs"":0.14660000000003492}]"
P01,group-2758a1c329d45c03,TRAIN_DEVELOPMENT,real,VERIFIED_EXACT_SINGLE,deterministic_policy_replay,review,false,false,false,false,0,1,1,true,,,false,0.1874000000000251,,0,0,read_only_retained_evidence,,"[{""id"":""ChIJPxBh-XgWjoARZlz1iflbMsE"",""name"":""Aptos Street BBQ"",""locality"":""Aptos"",""region"":""California"",""country"":""United States"",""address"":""8059 Aptos St, Aptos, CA 95003, USA""}]","[{""id"":""ChIJPxBh-XgWjoARZlz1iflbMsE"",""name"":""Aptos Street BBQ"",""locality"":""Aptos"",""region"":""California"",""country"":""United States"",""address"":""8059 Aptos St, Aptos, CA 95003, USA""}]","[{""name"":""canonicalization_local_replay"",""startMs"":0.06899999999995998,""endMs"":0.14650000000006003},{""name"":""premium_policy_replay"",""startMs"":0.1471999999998843,""endMs"":0.17210000000000036},{""name"":""automatic_deep_and_finalizer_replay"",""startMs"":0.17570000000000618,""endMs"":0.18499999999994543}]"
P02,group-16acf74d124a9b4d,TRAIN_DEVELOPMENT,real,UNVERIFIED,deterministic_policy_replay,review,false,,,,,0,1,true,,,false,0.1369999999999436,,0,0,read_only_retained_evidence,,"[{""id"":""ChIJvUH-h0Eh3YARm3aq4RiI5Sc"",""name"":""BLK Earth Sea Spirits"",""locality"":""Huntington Beach"",""region"":""California"",""country"":""United States"",""address"":""300 Pacific Coast Hwy Ste 202, Huntington Beach, CA 92648, USA""}]","[{""id"":""ChIJvUH-h0Eh3YARm3aq4RiI5Sc"",""name"":""BLK Earth Sea Spirits"",""locality"":""Huntington Beach"",""region"":""California"",""country"":""United States"",""address"":""300 Pacific Coast Hwy Ste 202, Huntington Beach, CA 92648, USA""}]","[{""name"":""canonicalization_local_replay"",""startMs"":0.05770000000006803,""endMs"":0.12030000000004293},{""name"":""premium_policy_replay"",""startMs"":0.12110000000006949,""endMs"":0.12310000000002219},{""name"":""automatic_deep_and_finalizer_replay"",""startMs"":0.12599999999997635,""endMs"":0.134900000000016}]"
P03,group-c994ecef8f751a78,TRAIN_DEVELOPMENT,real,UNVERIFIED,deterministic_policy_replay,review,false,,,,,0,1,true,,,false,0.18450000000007094,,0,0,read_only_retained_evidence,,"[{""id"":""ChIJSado-SVAjoARLJTf9JyolQE"",""name"":""Chocolate (Chocolate the Restaurant)"",""locality"":""Santa Cruz"",""region"":""California"",""country"":""United States"",""address"":""1522 Pacific Ave, Santa Cruz, CA 95060, USA""}]","[{""id"":""ChIJSado-SVAjoARLJTf9JyolQE"",""name"":""Chocolate (Chocolate the Restaurant)"",""locality"":""Santa Cruz"",""region"":""California"",""country"":""United States"",""address"":""1522 Pacific Ave, Santa Cruz, CA 95060, USA""}]","[{""name"":""canonicalization_local_replay"",""startMs"":0.05670000000009168,""endMs"":0.14419999999995525},{""name"":""premium_policy_replay"",""startMs"":0.1449999999999818,""endMs"":0.17080000000009932},{""name"":""automatic_deep_and_finalizer_replay"",""startMs"":0.17440000000010514,""endMs"":0.18229999999994106}]"
P04,group-529f9d5e5ed6a6ca,TRAIN_DEVELOPMENT,real,UNVERIFIED,deterministic_policy_replay,review,false,,,,,0,2,false,,,false,0.23330000000009932,,0,0,read_only_retained_evidence,,"[{""id"":""ChIJ_xurk7bf3IARMf5rcv8wxJs"",""name"":""Mesa Verde Farmers Market (Farm Habit Mesa Verde)"",""locality"":""Costa Mesa"",""region"":""California"",""country"":""United States"",""address"":""1525 Mesa Verde Dr E, Costa Mesa, CA 92626, USA""},{""id"":""ChIJYRZbxcLf3IARboEvbUfAXRk"",""name"":""Deli Nerds"",""locality"":""Costa Mesa"",""region"":""California"",""country"":""United States"",""address"":""1525 Mesa Verde Dr E Ste 117, Costa Mesa, CA 92626, USA""}]","[{""id"":""ChIJ_xurk7bf3IARMf5rcv8wxJs"",""name"":""Mesa Verde Farmers Market (Farm Habit Mesa Verde)"",""locality"":""Costa Mesa"",""region"":""California"",""country"":""United States"",""address"":""1525 Mesa Verde Dr E, Costa Mesa, CA 92626, USA""},{""id"":""ChIJYRZbxcLf3IARboEvbUfAXRk"",""name"":""Deli Nerds"",""locality"":""Costa Mesa"",""region"":""California"",""country"":""United States"",""address"":""1525 Mesa Verde Dr E Ste 117, Costa Mesa, CA 92626, USA""}]","[{""name"":""canonicalization_local_replay"",""startMs"":0.07369999999991705,""endMs"":0.16020000000003165},{""name"":""premium_policy_replay"",""startMs"":0.1609000000000833,""endMs"":0.16270000000008622},{""name"":""canonicalization_local_replay"",""startMs"":0.16499999999996362,""endMs"":0.21640000000002146},{""name"":""premium_policy_replay"",""startMs"":0.21690000000012333,""endMs"":0.21810000000004948},{""name"":""automatic_deep_and_finalizer_replay"",""startMs"":0.2215000000001055,""endMs"":0.23060000000009495}]"
P05,group-570d18a23470cca7,TRAIN_DEVELOPMENT,real,VERIFIED_EXACT_SINGLE,deterministic_policy_replay,review,false,false,false,false,0,1,1,true,,,false,0.08169999999995525,,0,0,read_only_retained_evidence,,"[{""id"":null,""name"":""Orange County Greek Festival (OC Greek Fest) at St. John the Baptist Greek Orthodox Church"",""locality"":""Anaheim"",""region"":""California"",""country"":""United States"",""address"":null}]","[{""id"":null,""name"":""Orange County Greek Festival (OC Greek Fest) at St. John the Baptist Greek Orthodox Church"",""locality"":""Anaheim"",""region"":""California"",""country"":""United States"",""address"":null}]","[{""name"":""premium_policy_replay"",""startMs"":0.06590000000005602,""endMs"":0.07150000000001455},{""name"":""automatic_deep_and_finalizer_replay"",""startMs"":0.07490000000007058,""endMs"":0.0787000000000262}]"
P06,group-f5d98b10bd2d59d9,TRAIN_DEVELOPMENT,real,VERIFIED_EXACT_SINGLE,deterministic_policy_replay,review,false,false,false,false,0,1,1,true,,,false,0.10040000000003602,,0,0,read_only_retained_evidence,,"[{""id"":""ChIJ5cuORWom3YARPTjxELrS3ng"",""name"":""Biergarten at Old World Huntington Beach (Old World Village)"",""locality"":""Huntington Beach"",""region"":""California"",""country"":""United States"",""address"":""7561 Center Ave #49, Huntington Beach, CA 92647, USA""}]","[{""id"":""ChIJ5cuORWom3YARPTjxELrS3ng"",""name"":""Biergarten at Old World Huntington Beach (Old World Village)"",""locality"":""Huntington Beach"",""region"":""California"",""country"":""United States"",""address"":""7561 Center Ave #49, Huntington Beach, CA 92647, USA""}]","[{""name"":""premium_policy_replay"",""startMs"":0.05349999999998545,""endMs"":0.08220000000005712},{""name"":""automatic_deep_and_finalizer_replay"",""startMs"":0.08760000000006585,""endMs"":0.09809999999993124}]"
P07,group-6d972cde2ab759ee,TRAIN_DEVELOPMENT,real,UNVERIFIED,deterministic_policy_replay,review,false,,,,,0,1,true,,,false,0.134900000000016,,0,0,read_only_retained_evidence,,"[{""id"":""ChIJU_ab-yIVjoAR5WIBCe7nKpE"",""name"":""The Point Market"",""locality"":""Santa Cruz"",""region"":""California"",""country"":""United States"",""address"":""23040 E Cliff Dr, Santa Cruz, CA 95062, USA""}]","[{""id"":""ChIJU_ab-yIVjoAR5WIBCe7nKpE"",""name"":""The Point Market"",""locality"":""Santa Cruz"",""region"":""California"",""country"":""United States"",""address"":""23040 E Cliff Dr, Santa Cruz, CA 95062, USA""}]","[{""name"":""canonicalization_local_replay"",""startMs"":0.053800000000137516,""endMs"":0.11509999999998399},{""name"":""premium_policy_replay"",""startMs"":0.11570000000006075,""endMs"":0.12170000000014625},{""name"":""automatic_deep_and_finalizer_replay"",""startMs"":0.1248000000000502,""endMs"":0.1329000000000633}]"
P08,group-24136a7c1da16b4b,TRAIN_DEVELOPMENT,real,UNVERIFIED,deterministic_policy_replay,review,false,,,,,0,1,true,,,false,0.14450000000010732,,0,0,read_only_retained_evidence,,"[{""id"":""ChIJnRX-2FJrjoARoeQkm8tJ08E"",""name"":""Seabright Deli"",""locality"":""Santa Cruz"",""region"":""California"",""country"":""United States"",""address"":""415 Seabright Ave, Santa Cruz, CA 95062, USA""}]","[{""id"":""ChIJnRX-2FJrjoARoeQkm8tJ08E"",""name"":""Seabright Deli"",""locality"":""Santa Cruz"",""region"":""California"",""country"":""United States"",""address"":""415 Seabright Ave, Santa Cruz, CA 95062, USA""}]","[{""name"":""canonicalization_local_replay"",""startMs"":0.05120000000010805,""endMs"":0.12950000000000728},{""name"":""premium_policy_replay"",""startMs"":0.13020000000005894,""endMs"":0.13180000000011205},{""name"":""automatic_deep_and_finalizer_replay"",""startMs"":0.1347000000000662,""endMs"":0.14250000000015461}]"
P09,group-dc5c2523df8e2e36,TRAIN_DEVELOPMENT,real,UNVERIFIED,deterministic_policy_replay,review,false,,,,,0,1,true,,,false,0.17049999999994725,,0,0,read_only_retained_evidence,,"[{""id"":""ChIJ4SCfxshrjoARoXzvWT_38_I"",""name"":""Tacos El Chuy food truck"",""locality"":""Santa Cruz"",""region"":""California"",""country"":""United States"",""address"":""402 Ingalls St, Santa Cruz, CA 95060, USA""}]","[{""id"":""ChIJ4SCfxshrjoARoXzvWT_38_I"",""name"":""Tacos El Chuy food truck"",""locality"":""Santa Cruz"",""region"":""California"",""country"":""United States"",""address"":""402 Ingalls St, Santa Cruz, CA 95060, USA""}]","[{""name"":""canonicalization_local_replay"",""startMs"":0.05919999999991887,""endMs"":0.15419999999994616},{""name"":""premium_policy_replay"",""startMs"":0.15480000000002292,""endMs"":0.15660000000002583},{""name"":""automatic_deep_and_finalizer_replay"",""startMs"":0.1595999999999549,""endMs"":0.16840000000001965}]"
R03,group-ab36036ef4ff0a20,TRAIN_DEVELOPMENT,real,UNVERIFIED,deterministic_policy_replay,review,false,,,,,0,1,true,,,false,0.15419999999994616,,0,0,read_only_retained_evidence,,"[{""id"":""ChIJebCqymldv1QR2ivpC1qxzWI"",""name"":""Tamolitch Blue Pool (Tamolitch Falls)"",""locality"":""McKenzie Bridge"",""region"":""Oregon"",""country"":""United States"",""address"":""National Forest Road 2672-655, McKenzie Bridge, OR 97413, USA""}]","[{""id"":""ChIJebCqymldv1QR2ivpC1qxzWI"",""name"":""Tamolitch Blue Pool (Tamolitch Falls)"",""locality"":""McKenzie Bridge"",""region"":""Oregon"",""country"":""United States"",""address"":""National Forest Road 2672-655, McKenzie Bridge, OR 97413, USA""}]","[{""name"":""canonicalization_local_replay"",""startMs"":0.05209999999988213,""endMs"":0.139299999999821},{""name"":""premium_policy_replay"",""startMs"":0.13969999999994798,""endMs"":0.1413000000000011},{""name"":""automatic_deep_and_finalizer_replay"",""startMs"":0.14429999999993015,""endMs"":0.15189999999984138}]"
R04,group-330dd1decd033bba,TRAIN_DEVELOPMENT,real,UNVERIFIED,deterministic_policy_replay,review,false,,,,,0,1,true,,,false,0.26510000000007494,,0,0,read_only_retained_evidence,,"[{""id"":null,""name"":""Dorset Marble Quarry (Norcross-West Marble Quarry)"",""locality"":""Dorset"",""region"":""Vermont"",""country"":""United States"",""address"":null}]","[{""id"":null,""name"":""Dorset Marble Quarry (Norcross-West Marble Quarry)"",""locality"":""Dorset"",""region"":""Vermont"",""country"":""United States"",""address"":null}]","[{""name"":""canonicalization_local_replay"",""startMs"":0.055700000000115324,""endMs"":0.25680000000011205},{""name"":""premium_policy_replay"",""startMs"":0.25749999999993634,""endMs"":0.25929999999993925},{""name"":""automatic_deep_and_finalizer_replay"",""startMs"":0.261600000000044,""endMs"":0.2626000000000204}]"
R05,group-1444962ff685397f,TRAIN_DEVELOPMENT,real,UNVERIFIED,deterministic_policy_replay,review,false,,,,,0,1,true,,,false,0.19279999999980646,,0,0,read_only_retained_evidence,,"[{""id"":""ChIJTQwskQWEbm0RMTFAiStkGl8"",""name"":""Okere Falls Scenic Reserve (Kaituna River)"",""locality"":""Okere Falls"",""region"":""Bay of Plenty"",""country"":""New Zealand"",""address"":""9 Trout Pool Road, Okere Falls 3074, New Zealand""}]","[{""id"":""ChIJTQwskQWEbm0RMTFAiStkGl8"",""name"":""Okere Falls Scenic Reserve (Kaituna River)"",""locality"":""Okere Falls"",""region"":""Bay of Plenty"",""country"":""New Zealand"",""address"":""9 Trout Pool Road, Okere Falls 3074, New Zealand""},{""id"":""ChIJ-S7PTQKEbm0RYIRljW37IeA"",""name"":""Tutea Falls"",""locality"":""Okere Falls"",""region"":""Bay of Plenty"",""country"":""New Zealand"",""address"":""103 Trout Pool Road, Okere Falls 3074, New Zealand""},{""id"":""ChIJnaR98wGEbm0RDKp82Kq1-6c"",""name"":""Trout Pool Falls"",""locality"":""Okere Falls"",""region"":""Bay of Plenty"",""country"":""New Zealand"",""address"":""Okere Falls 3074, New Zealand""}]","[{""name"":""canonicalization_local_replay"",""startMs"":0.07609999999999673,""endMs"":0.14649999999983265},{""name"":""canonicalization_local_replay"",""startMs"":0.14829999999983556,""endMs"":0.17719999999985703},{""name"":""premium_policy_replay"",""startMs"":0.177599999999984,""endMs"":0.17929999999978463},{""name"":""automatic_deep_and_finalizer_replay"",""startMs"":0.18219999999996617,""endMs"":0.19049999999992906}]"
R08,group-bda7ec4bbac58dc5,TRAIN_DEVELOPMENT,real,VERIFIED_EXACT_SINGLE,deterministic_policy_replay,review,false,false,false,false,0,1,1,true,,,false,0.09619999999995343,,0,0,read_only_retained_evidence,,"[{""id"":null,""name"":""Moku Nui, Mokulua Islands"",""locality"":""Kailua"",""region"":""Hawaii"",""country"":""United States"",""address"":null}]","[{""id"":null,""name"":""Moku Nui, Mokulua Islands"",""locality"":""Kailua"",""region"":""Hawaii"",""country"":""United States"",""address"":null},{""id"":""ChIJwx-q1FEUAHwRoyqaD18fq38"",""name"":""Queen's Bath cliff-jumping cove, Moku Nui"",""locality"":""Kailua"",""region"":""Hawaii"",""country"":""United States"",""address"":""Moku Nui, Hawaii 96734, USA""}]","[{""name"":""premium_policy_replay"",""startMs"":0.06790000000000873,""endMs"":0.08030000000007931},{""name"":""automatic_deep_and_finalizer_replay"",""startMs"":0.08469999999988431,""endMs"":0.09400000000005093}]"
S01,group-24136a7c1da16b4b,TRAIN_DEVELOPMENT,real,VERIFIED_EXACT_SINGLE,deterministic_policy_replay,review,false,false,true,true,1,1,1,true,,,false,0.12049999999999272,0.12049999999999272,0,0,read_only_retained_evidence,,"[{""id"":""ChIJnRX-2FJrjoARoeQkm8tJ08E"",""name"":""Seabright Deli"",""locality"":""Santa Cruz"",""region"":""California"",""country"":""United States"",""address"":""415 Seabright Ave, Santa Cruz, CA 95062, USA""}]","[{""id"":""ChIJnRX-2FJrjoARoeQkm8tJ08E"",""name"":""Seabright Deli"",""locality"":""Santa Cruz"",""region"":""California"",""country"":""United States"",""address"":""415 Seabright Ave, Santa Cruz, CA 95062, USA""}]","[{""name"":""canonicalization_local_replay"",""startMs"":0.05269999999995889,""endMs"":0.10609999999996944},{""name"":""premium_policy_replay"",""startMs"":0.1067000000000462,""endMs"":0.10850000000004911},{""name"":""automatic_deep_and_finalizer_replay"",""startMs"":0.11130000000002838,""endMs"":0.11830000000009022}]"
S06,group-24136a7c1da16b4b,TRAIN_DEVELOPMENT,real,UNVERIFIED,deterministic_policy_replay,review,false,,,,,0,1,true,,,false,0.1414999999999509,,0,0,read_only_retained_evidence,,"[{""id"":""ChIJnRX-2FJrjoARoeQkm8tJ08E"",""name"":""Seabright Deli"",""locality"":""Santa Cruz"",""region"":""California"",""country"":""United States"",""address"":""415 Seabright Ave, Santa Cruz, CA 95062, USA""}]","[{""id"":""ChIJnRX-2FJrjoARoeQkm8tJ08E"",""name"":""Seabright Deli"",""locality"":""Santa Cruz"",""region"":""California"",""country"":""United States"",""address"":""415 Seabright Ave, Santa Cruz, CA 95062, USA""}]","[{""name"":""canonicalization_local_replay"",""startMs"":0.05089999999995598,""endMs"":0.10329999999999018},{""name"":""premium_policy_replay"",""startMs"":0.10379999999986467,""endMs"":0.12879999999995562},{""name"":""automatic_deep_and_finalizer_replay"",""startMs"":0.13210000000003674,""endMs"":0.13930000000004839}]"
V02,group-14be013e815b69d5,TRAIN_DEVELOPMENT,real,VERIFIED_EXACT_SINGLE,deterministic_policy_replay,review,false,false,true,true,1,1,1,true,,,false,0.13869999999997162,0.13869999999997162,0,0,read_only_retained_evidence,,"[{""id"":""ChIJ3dEbnTMh3YARhAvz8VeCxJg"",""name"":""Capone's Cucina"",""locality"":""Huntington Beach"",""region"":""California"",""country"":""United States"",""address"":""19688 Beach Blvd #10, Huntington Beach, CA 92648, USA""}]","[{""id"":""ChIJ3dEbnTMh3YARhAvz8VeCxJg"",""name"":""Capone's Cucina"",""locality"":""Huntington Beach"",""region"":""California"",""country"":""United States"",""address"":""19688 Beach Blvd #10, Huntington Beach, CA 92648, USA""}]","[{""name"":""canonicalization_local_replay"",""startMs"":0.05279999999993379,""endMs"":0.125},{""name"":""premium_policy_replay"",""startMs"":0.12560000000007676,""endMs"":0.1269999999999527},{""name"":""automatic_deep_and_finalizer_replay"",""startMs"":0.12959999999998217,""endMs"":0.1368999999999687}]"
V03,group-f4e6989385ff9927,TRAIN_DEVELOPMENT,real,VERIFIED_EXACT_SINGLE,deterministic_policy_replay,review,false,false,true,true,1,1,1,true,,,false,0.12959999999998217,0.12959999999998217,0,0,read_only_retained_evidence,,"[{""id"":""ChIJmTMMbfBUUCERzikg7fC87Aw"",""name"":""Brooklyn City Pizzeria & Market"",""locality"":""Laguna Niguel"",""region"":""California"",""country"":""United States"",""address"":""30012 Crown Valley Pkwy Ste l, Laguna Niguel, CA 92677, USA""}]","[{""id"":""ChIJmTMMbfBUUCERzikg7fC87Aw"",""name"":""Brooklyn City Pizzeria & Market"",""locality"":""Laguna Niguel"",""region"":""California"",""country"":""United States"",""address"":""30012 Crown Valley Pkwy Ste l, Laguna Niguel, CA 92677, USA""}]","[{""name"":""canonicalization_local_replay"",""startMs"":0.053699999999935244,""endMs"":0.11189999999987776},{""name"":""premium_policy_replay"",""startMs"":0.11259999999992942,""endMs"":0.1150000000000091},{""name"":""automatic_deep_and_finalizer_replay"",""startMs"":0.11839999999983775,""endMs"":0.1270999999999276}]"
V04,group-c18d19d9d33cc24e,TRAIN_DEVELOPMENT,real,UNVERIFIED,deterministic_policy_replay,review,false,,,,,0,1,true,,,false,0.21339999999986503,,0,0,read_only_retained_evidence,,"[{""id"":null,""name"":""Hellfire Bay"",""locality"":""Esperance"",""region"":""Western Australia"",""country"":""Australia"",""address"":null}]","[{""id"":null,""name"":""Hellfire Bay"",""locality"":""Esperance"",""region"":""Western Australia"",""country"":""Australia"",""address"":null}]","[{""name"":""canonicalization_local_replay"",""startMs"":0.0543999999999869,""endMs"":0.2053000000000793},{""name"":""premium_policy_replay"",""startMs"":0.2059999999999036,""endMs"":0.2075999999999567},{""name"":""automatic_deep_and_finalizer_replay"",""startMs"":0.21000000000003638,""endMs"":0.21100000000001273}]"
V05,group-9ab4b3b17d7ebfe6,TRAIN_DEVELOPMENT,real,VERIFIED_EXACT_SINGLE,deterministic_policy_replay,review,false,false,true,true,1,1,1,true,,,false,0.2197000000001026,0.2197000000001026,0,0,read_only_retained_evidence,,"[{""id"":""ChIJl25h7GXf3IAR6OBs3e4cxrM"",""name"":""Paradise Dynasty at South Coast Plaza"",""locality"":""Costa Mesa"",""region"":""California"",""country"":""United States"",""address"":""3333 Bristol Street, BLM, 1 Bloomingdale's, Costa Mesa, CA 92626, USA""}]","[{""id"":""ChIJl25h7GXf3IAR6OBs3e4cxrM"",""name"":""Paradise Dynasty at South Coast Plaza"",""locality"":""Costa Mesa"",""region"":""California"",""country"":""United States"",""address"":""3333 Bristol Street, BLM, 1 Bloomingdale's, Costa Mesa, CA 92626, USA""},{""id"":""ChIJ__9LYP7AwoARbUN-XY5iVDs"",""name"":""Paradise Dynasty at The Americana at Brand"",""locality"":""Glendale"",""region"":""California"",""country"":""United States"",""address"":""177 Caruso Ave, Glendale, CA 91210, USA""}]","[{""name"":""canonicalization_local_replay"",""startMs"":0.06970000000001164,""endMs"":0.1489000000001397},{""name"":""canonicalization_local_replay"",""startMs"":0.1508000000001175,""endMs"":0.20100000000002183},{""name"":""premium_policy_replay"",""startMs"":0.20139999999992142,""endMs"":0.20299999999997453},{""name"":""automatic_deep_and_finalizer_replay"",""startMs"":0.2057999999999538,""endMs"":0.21730000000002292}]"
