job_id_pseudonym,result_ready_at,notification_decided_at,queued_at,dispatch_started_at,provider_accepted_at,client_received_at,app_state,suppressed,suppression_reason,notes
26c8c9d4f164,2026-10-08T21:02:29.540Z,2026-10-08T21:02:29.540Z,2026-10-08T21:02:29.540Z,2026-10-08T21:02:30.204Z,2026-10-08T21:02:30.520Z,,unknown,,,provider_accepted
ec8b7aaf8e29,2026-10-08T21:00:53.349Z,2026-10-08T21:00:53.349Z,2026-10-08T21:00:53.349Z,2026-10-08T21:00:42.612Z,,,unknown,,,no_enabled_tokens_completed_at_later_rewritten
262d2023165a,2026-09-28T21:11:08.063Z,2026-09-28T21:11:08.063Z,2026-09-28T21:11:08.063Z,2026-09-28T21:11:02.578Z,,,unknown,,,no_enabled_tokens_completed_at_later_rewritten
40fc88c71681,2026-09-14T22:24:43.560Z,2026-09-14T22:24:43.560Z,2026-09-14T22:24:43.560Z,2026-09-14T22:25:01.177Z,2026-09-14T22:25:01.365Z,,unknown,,,provider_accepted_client_receipt_not_observable
280c3f6d7e43,2026-09-14T22:21:55.636Z,2026-09-14T22:21:55.636Z,2026-09-14T22:21:55.636Z,2026-09-14T22:21:55.754Z,,,unknown,,,no_enabled_tokens
739139f5fb1a,2026-09-11T00:08:55.216Z,2026-09-11T00:08:55.216Z,2026-09-11T00:08:55.216Z,2026-09-11T00:08:55.316Z,,,unknown,,,no_enabled_tokens
d712492ec553,2026-09-11T00:08:50.779Z,2026-09-11T00:08:50.779Z,2026-09-11T00:08:50.779Z,2026-09-11T00:08:50.871Z,,,unknown,,,no_enabled_tokens
5379f11b23fb,2026-09-10T22:29:38.777Z,2026-09-10T22:29:38.777Z,2026-09-10T22:29:38.777Z,2026-09-10T22:29:38.883Z,,,unknown,,,no_enabled_tokens
86c42d2e01d1,2026-09-10T17:53:27.669Z,2026-09-10T17:53:27.669Z,2026-09-10T17:53:27.669Z,2026-09-10T17:53:27.745Z,,,unknown,,,no_enabled_tokens
5fc9d4dc03a7,2026-09-10T05:46:40.428Z,2026-09-10T05:46:40.428Z,2026-09-10T05:46:40.428Z,2026-09-10T05:46:40.524Z,,,unknown,,,no_enabled_tokens
efcb430e9b7c,2026-09-09T04:51:38.210Z,2026-09-09T04:51:38.210Z,2026-09-09T04:51:38.210Z,2026-09-09T04:52:05.590Z,,,unknown,,,no_enabled_tokens
6e0c87b96aec,2026-09-09T04:50:52.284Z,2026-09-09T04:50:52.284Z,2026-09-09T04:50:52.284Z,2026-09-09T04:50:56.225Z,,,unknown,,,no_enabled_tokens
bc88b34af676,2026-09-09T04:50:07.814Z,2026-09-09T04:50:07.814Z,2026-09-09T04:50:07.814Z,2026-09-09T04:50:09.898Z,,,unknown,,,no_enabled_tokens
8d760f38b152,2026-09-09T04:48:27.987Z,2026-09-09T04:48:27.987Z,2026-09-09T04:48:27.987Z,2026-09-09T04:49:00.769Z,,,unknown,,,no_enabled_tokens
388005a4a292,2026-09-09T04:47:45.961Z,2026-09-09T04:47:45.961Z,2026-09-09T04:47:45.961Z,2026-09-09T04:47:49.876Z,,,unknown,,,no_enabled_tokens
460860e6e451,2026-09-09T04:47:11.918Z,2026-09-09T04:47:11.918Z,2026-09-09T04:47:11.918Z,2026-09-09T04:47:15.458Z,,,unknown,,,no_enabled_tokens
b5129794ddb7,2026-09-09T00:17:07.757Z,2026-09-09T00:17:07.757Z,2026-09-09T00:17:07.757Z,2026-09-09T00:18:01.493Z,,,unknown,,,minute_cron_wait_no_enabled_tokens
6a6c9824ceca,2026-09-09T00:15:54.956Z,2026-09-09T00:15:54.956Z,2026-09-09T00:15:54.956Z,2026-09-09T00:16:00.994Z,,,unknown,,,no_enabled_tokens
cdc9903ecb19,2026-09-08T23:10:36.565Z,2026-09-08T23:10:36.565Z,2026-09-08T23:10:36.565Z,2026-09-08T23:10:42.825Z,,,unknown,,,no_enabled_tokens
3ea23c13c3f6,2026-09-08T22:51:34.062Z,2026-09-08T22:51:34.062Z,2026-09-08T22:51:34.062Z,2026-09-08T22:51:48.860Z,,,unknown,,,no_enabled_tokens
