id,split,repeat,variant,durationMs,rawCount,keptCount,exactEvidenceParity,dedupParity,failure,processCount,cpuMs,peakChildRssKiB
dettifoss_video,calibration,0,baseline_repaired,9311.2636,24,9,True,True,,48,9180,103900
dettifoss_video,calibration,1,baseline_repaired,9636.565399999996,24,9,True,True,,48,10006,103780
gullfoss_video,calibration,0,baseline_repaired,6556.082699999999,24,16,True,True,,48,6600,104116
gullfoss_video,calibration,1,baseline_repaired,7498.009399999995,24,16,True,True,,48,6738,103328
colosseum_video,calibration,0,baseline_repaired,4537.687100000003,17,14,True,True,,34,4491,103436
colosseum_video,calibration,1,baseline_repaired,4505.9758,17,14,True,True,,34,4426,103456
taj_mahal_video,calibration,0,baseline_repaired,1696.8674000000028,7,2,True,True,,14,1406,103768
taj_mahal_video,calibration,1,baseline_repaired,1529.2752000000037,7,2,True,True,,14,1332,103148
dettifoss_video,calibration,0,batched_hash,6741.1340999999975,24,9,True,True,,25,9544,103976
dettifoss_video,calibration,1,batched_hash,12136.3867,24,9,True,True,,25,11016,103428
gullfoss_video,calibration,0,batched_hash,4821.260800000004,24,16,True,True,,25,6248,103748
gullfoss_video,calibration,1,batched_hash,5056.1273,24,16,True,True,,25,6762,103744
colosseum_video,calibration,0,batched_hash,2973.103000000003,17,14,True,True,,18,3768,103864
colosseum_video,calibration,1,batched_hash,2819.6494999999995,17,14,True,True,,18,3533,103664
taj_mahal_video,calibration,0,batched_hash,1500.9023000000016,7,2,True,True,,8,1311,102988
taj_mahal_video,calibration,1,batched_hash,1190.4400999999925,7,2,True,True,,8,1252,103864
cocoa_pier_video,development,0,baseline_repaired,8149.822999999999,24,13,True,True,,,,
griffith_video,development,0,baseline_repaired,4548.606199999995,15,11,True,True,,,,
golden_gate_video,development,0,baseline_repaired,6138.557400000005,24,6,True,True,,,,
sydney_opera_video,development,0,baseline_repaired,6935.409899999999,21,5,True,True,,,,
cavitt_a_video,development,0,baseline_repaired,2016.092300000004,7,2,True,True,,,,
cavitt_b_video,development,0,baseline_repaired,3109.816200000001,9,2,True,True,,,,
summersville_video,development,0,baseline_repaired,5531.5362999999925,23,19,True,True,,,,
la_jolla_a_video,development,0,baseline_repaired,6219.724999999991,19,5,True,True,,,,
la_jolla_b_video,development,0,baseline_repaired,2941.666499999992,11,4,True,True,,,,
etretat_video,development,0,baseline_repaired,4979.1685,14,2,True,True,,,,
twelve_apostles_video,development,0,baseline_repaired,6718.375300000014,24,18,True,True,,,,
copacabana_video,development,0,baseline_repaired,9487.400900000008,24,2,True,True,,,,
small_waterfall_video,development,0,baseline_repaired,8770.568899999984,24,3,True,True,,,,
al_jahlieh_video,development,0,baseline_repaired,7290.642200000002,22,21,True,True,,,,
dinas_emrys_video,development,0,baseline_repaired,8652.356800000009,24,21,True,True,,,,
ocean_waves_video,development,0,baseline_repaired,7508.544099999999,24,12,True,True,,,,
cocoa_pier_video,development,0,batched_hash,5840.2579000000005,24,13,True,True,,,,
griffith_video,development,0,batched_hash,3519.099000000002,15,11,True,True,,,,
golden_gate_video,development,0,batched_hash,4135.252399999998,24,6,True,True,,,,
sydney_opera_video,development,0,batched_hash,4961.530899999998,21,5,True,True,,,,
cavitt_a_video,development,0,batched_hash,1485.8578000000125,7,2,True,True,,,,
cavitt_b_video,development,0,batched_hash,2059.5290000000095,9,2,True,True,,,,
summersville_video,development,0,batched_hash,3911.0579,23,19,True,True,,,,
la_jolla_a_video,development,0,batched_hash,4940.552500000005,19,5,True,True,,,,
la_jolla_b_video,development,0,batched_hash,1675.4070999999967,11,4,True,True,,,,
etretat_video,development,0,batched_hash,3637.2656000000134,14,2,True,True,,,,
twelve_apostles_video,development,0,batched_hash,4809.403399999981,24,18,True,True,,,,
copacabana_video,development,0,batched_hash,9005.630000000005,24,2,True,True,,,,
small_waterfall_video,development,0,batched_hash,5662.67750000002,24,3,True,True,,,,
al_jahlieh_video,development,0,batched_hash,5293.5491999999795,22,21,True,True,,,,
dinas_emrys_video,development,0,batched_hash,6286.35089999999,24,21,True,True,,,,
ocean_waves_video,development,0,batched_hash,5347.199099999998,24,12,True,True,,,,
cocoa_pier_video,development,0,single_decode_eval,19818.604,24,13,True,True,,,,
griffith_video,development,0,single_decode_eval,1703.4075000000012,15,11,True,True,,,,
golden_gate_video,development,0,single_decode_eval,7227.955399999999,24,6,True,True,,,,
sydney_opera_video,development,0,single_decode_eval,3660.401700000002,21,5,True,True,,,,
cavitt_a_video,development,0,single_decode_eval,742.521900000007,7,2,True,True,,,,
cavitt_b_video,development,0,single_decode_eval,1060.2644,9,2,True,True,,,,
summersville_video,development,0,single_decode_eval,,,,False,False,"single_decode_failed:n
[out#22/image2 @ 000001B112F23700] video:4KiB audio:0KiB subtitle:0KiB other streams:0KiB global headers:0KiB muxing overhead: unknown
[out#23/image2 @ 000001B112F23900] Nothing was written into output file, because at least one of its streams received no packets.
frame=    1 fps=0.5 q=3.0 Lq=3.0 q=3.0 q=3.0 q=3.0 q=3.0 q=3.0 q=3.0 q=3.0 q=3.0 q=3.0 q=3.0 q=3.0 q=3.0 q=3.0 q=3.0 q=3.0 q=3.0 q=3.0 q=3.0 q=3.0 q=3.0 q=3.0 q=0.0 size=N/A time=N/A bitrate=N/A speed=N/A
Conversion failed!
",,,
la_jolla_a_video,development,0,single_decode_eval,8677.852100000004,19,5,True,True,,,,
la_jolla_b_video,development,0,single_decode_eval,903.2234999999928,11,4,True,True,,,,
etretat_video,development,0,single_decode_eval,1859.5370000000112,14,2,True,True,,,,
twelve_apostles_video,development,0,single_decode_eval,12314.712300000014,24,18,True,True,,,,
copacabana_video,development,0,single_decode_eval,6623.079700000002,24,2,True,True,,,,
small_waterfall_video,development,0,single_decode_eval,7488.994200000016,24,3,True,True,,,,
al_jahlieh_video,development,0,single_decode_eval,,,,False,False,"single_decode_failed:nknown
[out#22/image2 @ 0000016702C51080] Nothing was written into output file, because at least one of its streams received no packets.
[out#23/image2 @ 0000016702C51900] Nothing was written into output file, because at least one of its streams received no packets.
frame=    1 fps=0.4 q=3.0 Lq=3.0 q=3.0 q=3.0 q=3.0 q=3.0 q=3.0 q=3.0 q=3.0 q=3.0 q=3.0 q=3.0 q=3.0 q=3.0 q=3.0 q=3.0 q=3.0 q=3.0 q=3.0 q=3.0 q=3.0 q=3.0 q=0.0 q=0.0 size=N/A time=N/A bitrate=N/A speed=N/A
Conversion failed!
",,,
dinas_emrys_video,development,0,single_decode_eval,8069.068100000004,24,21,True,True,,,,
ocean_waves_video,development,0,single_decode_eval,,,,False,False,"single_decode_failed:ffers queued in out_#13:0, something may be wrong.
[out_#14:0 @ 0000027A48A6F1C0] 1000 buffers queued in out_#14:0, something may be wrong.
[out_#15:0 @ 0000027A48A703C0] 1000 buffers queued in out_#15:0, something may be wrong.
[out_#17:0 @ 0000027A48A6E3C0] 100 buffers queued in out_#17:0, something may be wrong.
[out_#18:0 @ 0000027A48A6EBC0] 100 buffers queued in out_#18:0, something may be wrong.
[out_#16:0 @ 0000027A48A704C0] 1000 buffers queued in out_#16:0, something may be wrong.
",,,
niagara_video,held_out,0,baseline_repaired,5284.3691,17,2,True,True,,34,4312,103524
yosemite_upper_falls_video,held_out,0,baseline_repaired,6828.4123,23,2,True,True,,46,5556,104068
multnomah_video,held_out,0,baseline_repaired,4165.178099999997,17,5,True,True,,34,2818,62712
aiglun_video,held_out,0,baseline_repaired,7182.4012,24,20,True,True,,48,6707,103424
niagara_video,held_out,0,batched_hash,3106.9309999999996,17,2,True,True,,18,4203,103320
yosemite_upper_falls_video,held_out,0,batched_hash,5131.091700000001,23,2,True,True,,24,4980,104096
multnomah_video,held_out,0,batched_hash,2457.196100000001,17,5,True,True,,18,2156,62656
aiglun_video,held_out,0,batched_hash,4957.795900000005,24,20,True,True,,25,5528,103988
