variant,caseId,boundary,provider,operation,calls,costUsd,measurement
baseline_repaired,C06,deterministic_policy_replay,local,places_record_replay,1,0,measured
baseline_repaired,H01,deterministic_policy_replay,local,places_record_replay,1,0,measured
baseline_repaired,H02,deterministic_policy_replay,local,places_record_replay,1,0,measured
baseline_repaired,H03,deterministic_policy_replay,local,places_record_replay,1,0,measured
baseline_repaired,H04,deterministic_policy_replay,local,places_record_replay,1,0,measured
baseline_repaired,H05,deterministic_policy_replay,local,places_record_replay,1,0,measured
baseline_repaired,H06,deterministic_policy_replay,local,places_record_replay,2,0,measured
baseline_repaired,H08,deterministic_policy_replay,local,places_record_replay,1,0,measured
baseline_repaired,H09,deterministic_policy_replay,local,places_record_replay,1,0,measured
baseline_repaired,H10,deterministic_policy_replay,local,places_record_replay,1,0,measured
baseline_repaired,H11,deterministic_policy_replay,local,places_record_replay,2,0,measured
baseline_repaired,H12,deterministic_policy_replay,local,places_record_replay,1,0,measured
baseline_repaired,P01,deterministic_policy_replay,local,places_record_replay,1,0,measured
baseline_repaired,P02,deterministic_policy_replay,local,places_record_replay,1,0,measured
baseline_repaired,P03,deterministic_policy_replay,local,places_record_replay,1,0,measured
baseline_repaired,P04,deterministic_policy_replay,local,places_record_replay,2,0,measured
baseline_repaired,P05,deterministic_policy_replay,local,places_record_replay,0,0,measured
baseline_repaired,P06,deterministic_policy_replay,local,places_record_replay,0,0,measured
baseline_repaired,P07,deterministic_policy_replay,local,places_record_replay,1,0,measured
baseline_repaired,P08,deterministic_policy_replay,local,places_record_replay,1,0,measured
baseline_repaired,P09,deterministic_policy_replay,local,places_record_replay,1,0,measured
baseline_repaired,R03,deterministic_policy_replay,local,places_record_replay,1,0,measured
baseline_repaired,R04,deterministic_policy_replay,local,places_record_replay,1,0,measured
baseline_repaired,R05,deterministic_policy_replay,local,places_record_replay,2,0,measured
baseline_repaired,R08,deterministic_policy_replay,local,places_record_replay,0,0,measured
baseline_repaired,S01,deterministic_policy_replay,local,places_record_replay,1,0,measured
baseline_repaired,S06,deterministic_policy_replay,local,places_record_replay,1,0,measured
baseline_repaired,V02,deterministic_policy_replay,local,places_record_replay,1,0,measured
baseline_repaired,V03,deterministic_policy_replay,local,places_record_replay,1,0,measured
baseline_repaired,V04,deterministic_policy_replay,local,places_record_replay,1,0,measured
baseline_repaired,V05,deterministic_policy_replay,local,places_record_replay,2,0,measured
