variant,caseId,group,split,kind,label,status,autonomous,exactEligible,exactSet,correctAutonomous,top1,predictedCount,expectedCount,tp,multiCorrect,multiExpected,wrongCountry,wrongRegion,unsupportedAutosave,knownNegativeAutosave,failedConfidentResult,confidence,places,candidates,candidateRecall,wallTimeMs,timeToCorrectUsableMs,costUsd,retries,cacheBehavior,failureClass,stages,boundary,observationAvailable,exactLabelEligible,observationValidationError
baseline_repaired,C06,group-e18b75a07d89860b,TRAIN_DEVELOPMENT,real,UNVERIFIED,review,False,False,,,,1,0,,True,False,,,False,,False,HIGH,"[{""id"": ""ChIJCYhMeztnXIYRmhgTIsz4azA"", ""name"": ""Tuxedo Cat's Coffee"", ""locality"": ""San Antonio"", ""region"": ""Texas"", ""country"": ""United States"", ""address"": ""6075 Heath Rd, San Antonio, TX 78250, USA""}]","[{""id"": ""ChIJCYhMeztnXIYRmhgTIsz4azA"", ""name"": ""Tuxedo Cat's Coffee"", ""locality"": ""San Antonio"", ""region"": ""Texas"", ""country"": ""United States"", ""address"": ""6075 Heath Rd, San Antonio, TX 78250, USA""}]","{""1"": null, ""3"": null, ""5"": null}",2.312199999999848,,0,0,read_only_retained_evidence,,"[{""name"": ""canonicalization_local_replay"", ""startMs"": 0.23820000000000618, ""endMs"": 1.8757000000000517}, {""name"": ""premium_policy_replay"", ""startMs"": 1.8804999999999836, ""endMs"": 1.9618000000000393}, {""name"": ""automatic_deep_and_finalizer_replay"", ""startMs"": 2.0301999999999225, ""endMs"": 2.2605999999998403}]",deterministic_policy_replay,,,
baseline_repaired,H01,group-1462acfd3f7301c9,TRAIN_DEVELOPMENT,real,VERIFIED_EXACT_SINGLE,review,False,True,True,False,True,1,1,1,True,False,,,False,,False,HIGH,"[{""id"": ""ChIJE5pV1UMh3YARIhsItpUt0K8"", ""name"": ""2nd Floor Gallery Bar & Grill"", ""locality"": ""Huntington Beach"", ""region"": ""California"", ""country"": ""United States"", ""address"": ""126 Main St, Huntington Beach, CA 92648, USA""}]","[{""id"": ""ChIJE5pV1UMh3YARIhsItpUt0K8"", ""name"": ""2nd Floor Gallery Bar & Grill"", ""locality"": ""Huntington Beach"", ""region"": ""California"", ""country"": ""United States"", ""address"": ""126 Main St, Huntington Beach, CA 92648, USA""}]","{""1"": 1, ""3"": 1, ""5"": 1}",3.9780000000000655,3.9780000000000655,0,0,read_only_retained_evidence,,"[{""name"": ""canonicalization_local_replay"", ""startMs"": 0.11910000000011678, ""endMs"": 1.6217000000001462}, {""name"": ""premium_policy_replay"", ""startMs"": 1.6322999999999865, ""endMs"": 3.722099999999955}, {""name"": ""automatic_deep_and_finalizer_replay"", ""startMs"": 3.8442999999999756, ""endMs"": 3.940399999999954}]",deterministic_policy_replay,,,
baseline_repaired,H02,group-c80c005bf0f8461e,TRAIN_DEVELOPMENT,real,VERIFIED_EXACT_SINGLE,review,False,True,True,False,True,1,1,1,True,False,,,False,,False,HIGH,"[{""id"": ""ChIJa-286P5BjoARx03hogk54cw"", ""name"": ""Mad Yolks"", ""locality"": ""Santa Cruz"", ""region"": ""California"", ""country"": ""United States"", ""address"": ""1411 Pacific Ave, Santa Cruz, CA 95060, USA""}]","[{""id"": ""ChIJa-286P5BjoARx03hogk54cw"", ""name"": ""Mad Yolks"", ""locality"": ""Santa Cruz"", ""region"": ""California"", ""country"": ""United States"", ""address"": ""1411 Pacific Ave, Santa Cruz, CA 95060, USA""}]","{""1"": 1, ""3"": 1, ""5"": 1}",0.852100000000064,0.852100000000064,0,0,read_only_retained_evidence,,"[{""name"": ""canonicalization_local_replay"", ""startMs"": 0.22289999999998145, ""endMs"": 0.7170000000000982}, {""name"": ""premium_policy_replay"", ""startMs"": 0.7237999999999829, ""endMs"": 0.7455999999999676}, {""name"": ""automatic_deep_and_finalizer_replay"", ""startMs"": 0.7658000000001266, ""endMs"": 0.8247000000001208}]",deterministic_policy_replay,,,
baseline_repaired,H03,group-9926b4b686fcbb90,TRAIN_DEVELOPMENT,real,UNVERIFIED,review,False,False,,,,1,0,,True,False,,,False,,False,HIGH,"[{""id"": ""ChIJB7PfHJtqjoARSxWPsJUMYQA"", ""name"": ""Las Palmas Taco Bar"", ""locality"": ""Santa Cruz"", ""region"": ""California"", ""country"": ""United States"", ""address"": ""55 Front St, Santa Cruz, CA 95060, USA""}]","[{""id"": ""ChIJB7PfHJtqjoARSxWPsJUMYQA"", ""name"": ""Las Palmas Taco Bar"", ""locality"": ""Santa Cruz"", ""region"": ""California"", ""country"": ""United States"", ""address"": ""55 Front St, Santa Cruz, CA 95060, USA""}]","{""1"": null, ""3"": null, ""5"": null}",0.7426000000000386,,0,0,read_only_retained_evidence,,"[{""name"": ""canonicalization_local_replay"", ""startMs"": 0.20010000000002037, ""endMs"": 0.4958999999998923}, {""name"": ""premium_policy_replay"", ""startMs"": 0.5380999999999858, ""endMs"": 0.5626999999999498}, {""name"": ""automatic_deep_and_finalizer_replay"", ""startMs"": 0.6058000000000447, ""endMs"": 0.6942999999998847}]",deterministic_policy_replay,,,
baseline_repaired,H04,group-24136a7c1da16b4b,TRAIN_DEVELOPMENT,real,VERIFIED_EXACT_SINGLE,review,False,True,True,False,True,1,1,1,True,False,,,False,,False,HIGH,"[{""id"": ""ChIJnRX-2FJrjoARoeQkm8tJ08E"", ""name"": ""Seabright Deli"", ""locality"": ""Santa Cruz"", ""region"": ""California"", ""country"": ""United States"", ""address"": ""415 Seabright Ave, Santa Cruz, CA 95062, USA""}]","[{""id"": ""ChIJnRX-2FJrjoARoeQkm8tJ08E"", ""name"": ""Seabright Deli"", ""locality"": ""Santa Cruz"", ""region"": ""California"", ""country"": ""United States"", ""address"": ""415 Seabright Ave, Santa Cruz, CA 95062, USA""}]","{""1"": 1, ""3"": 1, ""5"": 1}",0.8956000000000586,0.8956000000000586,0,0,read_only_retained_evidence,,"[{""name"": ""canonicalization_local_replay"", ""startMs"": 0.17810000000008586, ""endMs"": 0.7350000000001273}, {""name"": ""premium_policy_replay"", ""startMs"": 0.7496000000001004, ""endMs"": 0.7950000000000728}, {""name"": ""automatic_deep_and_finalizer_replay"", ""startMs"": 0.8148000000001048, ""endMs"": 0.8727000000001226}]",deterministic_policy_replay,,,
baseline_repaired,H05,group-c80c005bf0f8461e,TRAIN_DEVELOPMENT,real,VERIFIED_EXACT_SINGLE,review,False,True,True,False,True,1,1,1,True,False,,,False,,False,HIGH,"[{""id"": ""ChIJa-286P5BjoARx03hogk54cw"", ""name"": ""Mad Yolks"", ""locality"": ""Santa Cruz"", ""region"": ""California"", ""country"": ""United States"", ""address"": ""1411 Pacific Ave, Santa Cruz, CA 95060, USA""}]","[{""id"": ""ChIJa-286P5BjoARx03hogk54cw"", ""name"": ""Mad Yolks"", ""locality"": ""Santa Cruz"", ""region"": ""California"", ""country"": ""United States"", ""address"": ""1411 Pacific Ave, Santa Cruz, CA 95060, USA""}]","{""1"": 1, ""3"": 1, ""5"": 1}",0.18829999999979918,0.18829999999979918,0,0,read_only_retained_evidence,,"[{""name"": ""canonicalization_local_replay"", ""startMs"": 0.06609999999977845, ""endMs"": 0.14929999999981192}, {""name"": ""premium_policy_replay"", ""startMs"": 0.1533999999999196, ""endMs"": 0.16039999999998145}, {""name"": ""automatic_deep_and_finalizer_replay"", ""startMs"": 0.16619999999988977, ""endMs"": 0.18479999999999563}]",deterministic_policy_replay,,,
baseline_repaired,H06,group-3004d54bb4bf5a5f,TRAIN_DEVELOPMENT,real,VERIFIED_EXACT_SINGLE,review,False,True,False,False,False,1,1,0,True,False,,,False,,False,MEDIUM,"[{""id"": ""ChIJdysZKQBNw4ARQHpLGNWirqc"", ""name"": ""Baqba Mexican Grill – Rialto"", ""locality"": ""Rialto"", ""region"": ""California"", ""country"": ""United States"", ""address"": ""1165 Renaissance Pkwy #410, Rialto, CA 92376, USA""}]","[{""id"": ""ChIJdysZKQBNw4ARQHpLGNWirqc"", ""name"": ""Baqba Mexican Grill – Rialto"", ""locality"": ""Rialto"", ""region"": ""California"", ""country"": ""United States"", ""address"": ""1165 Renaissance Pkwy #410, Rialto, CA 92376, USA""}, {""id"": ""ChIJoV_1bwAzw4ARgnSzpaTeQLQ"", ""name"": ""Baqba Mexican Grill – Montclair"", ""locality"": ""Montclair"", ""region"": ""California"", ""country"": ""United States"", ""address"": ""4288 Holt Blvd unit J, Montclair, CA 91763, USA""}]","{""1"": 0, ""2"": 0, ""3"": 0, ""5"": 0}",0.8641999999999825,,0,0,read_only_retained_evidence,,"[{""name"": ""canonicalization_local_replay"", ""startMs"": 0.15450000000009823, ""endMs"": 0.6443000000001575}, {""name"": ""canonicalization_local_replay"", ""startMs"": 0.6520000000000437, ""endMs"": 0.8277000000000498}, {""name"": ""premium_policy_replay"", ""startMs"": 0.8286000000000513, ""endMs"": 0.832700000000159}, {""name"": ""automatic_deep_and_finalizer_replay"", ""startMs"": 0.8387000000000171, ""endMs"": 0.8615999999999531}]",deterministic_policy_replay,,,
baseline_repaired,H08,group-834d42451cf57548,TRAIN_DEVELOPMENT,real,VERIFIED_EXACT_SINGLE,review,False,True,True,False,True,1,1,1,True,False,,,False,,False,HIGH,"[{""id"": ""ChIJG1xM7EHX3IARfRat2N2mU84"", ""name"": ""Loaded Cafe – Orange"", ""locality"": ""Orange"", ""region"": ""California"", ""country"": ""United States"", ""address"": ""1834 N Tustin St, Orange, CA 92865, USA""}]","[{""id"": ""ChIJG1xM7EHX3IARfRat2N2mU84"", ""name"": ""Loaded Cafe – Orange"", ""locality"": ""Orange"", ""region"": ""California"", ""country"": ""United States"", ""address"": ""1834 N Tustin St, Orange, CA 92865, USA""}]","{""1"": 1, ""3"": 1, ""5"": 1}",0.23340000000007421,0.23340000000007421,0,0,read_only_retained_evidence,,"[{""name"": ""canonicalization_local_replay"", ""startMs"": 0.06529999999997926, ""endMs"": 0.1573000000000775}, {""name"": ""premium_policy_replay"", ""startMs"": 0.15820000000007894, ""endMs"": 0.19420000000013715}, {""name"": ""automatic_deep_and_finalizer_replay"", ""startMs"": 0.20070000000009713, ""endMs"": 0.23029999999994288}]",deterministic_policy_replay,,,
baseline_repaired,H09,group-303db44b0f1a79ba,TRAIN_DEVELOPMENT,real,VERIFIED_EXACT_SINGLE,review,False,True,False,False,False,1,1,0,True,False,,,False,,False,HIGH,"[{""id"": ""ChIJ2R9lbmYqw4ARNY62k_90y4Y"", ""name"": ""Pho Bamboo Restaurant"", ""locality"": ""City of Industry"", ""region"": ""California"", ""country"": ""United States"", ""address"": ""18209 Gale Ave, City of Industry, CA 91748, USA""}]","[{""id"": ""ChIJ2R9lbmYqw4ARNY62k_90y4Y"", ""name"": ""Pho Bamboo Restaurant"", ""locality"": ""City of Industry"", ""region"": ""California"", ""country"": ""United States"", ""address"": ""18209 Gale Ave, City of Industry, CA 91748, USA""}]","{""1"": 0, ""3"": 0, ""5"": 0}",0.5434000000000196,,0,0,read_only_retained_evidence,,"[{""name"": ""canonicalization_local_replay"", ""startMs"": 0.06719999999995707, ""endMs"": 0.23659999999995307}, {""name"": ""premium_policy_replay"", ""startMs"": 0.23759999999992942, ""endMs"": 0.5000999999999749}, {""name"": ""automatic_deep_and_finalizer_replay"", ""startMs"": 0.5134000000000469, ""endMs"": 0.5391999999999371}]",deterministic_policy_replay,,,
baseline_repaired,H10,group-fcfee9dbaea55d7b,TRAIN_DEVELOPMENT,real,UNVERIFIED,review,False,False,,,,1,0,,True,False,,,False,,False,HIGH,"[{""id"": ""ChIJvxBa4_4f3YARih5A9O_Z6ps"", ""name"": ""Baja Sharkeez Newport Beach"", ""locality"": ""Newport Beach"", ""region"": ""California"", ""country"": ""United States"", ""address"": ""114 Mc Fadden Pl, Newport Beach, CA 92663, USA""}]","[{""id"": ""ChIJvxBa4_4f3YARih5A9O_Z6ps"", ""name"": ""Baja Sharkeez Newport Beach"", ""locality"": ""Newport Beach"", ""region"": ""California"", ""country"": ""United States"", ""address"": ""114 Mc Fadden Pl, Newport Beach, CA 92663, USA""}]","{""1"": null, ""3"": null, ""5"": null}",0.40239999999994325,,0,0,read_only_retained_evidence,,"[{""name"": ""canonicalization_local_replay"", ""startMs"": 0.11630000000013752, ""endMs"": 0.2233000000001084}, {""name"": ""premium_policy_replay"", ""startMs"": 0.22400000000016007, ""endMs"": 0.3683000000000902}, {""name"": ""automatic_deep_and_finalizer_replay"", ""startMs"": 0.3831000000000131, ""endMs"": 0.39820000000008804}]",deterministic_policy_replay,,,
baseline_repaired,H11,group-2a4a183c93aee491,TRAIN_DEVELOPMENT,real,UNVERIFIED,review,False,False,,,,1,0,,True,False,,,False,,False,HIGH,"[{""id"": ""ChIJwfFb4flYwokRP78kZ3ER5a8"", ""name"": ""No Good Burger Joint"", ""locality"": null, ""region"": ""New York"", ""country"": ""United States"", ""address"": ""119 W 56th St, New York, NY 10019, USA""}]","[{""id"": ""ChIJwfFb4flYwokRP78kZ3ER5a8"", ""name"": ""No Good Burger Joint"", ""locality"": null, ""region"": ""New York"", ""country"": ""United States"", ""address"": ""119 W 56th St, New York, NY 10019, USA""}, {""id"": ""ChIJ6UFvLv17wokRLxG2cJk8iFA"", ""name"": ""No Good Burger Joint – Rockville Centre"", ""locality"": ""Rockville Centre"", ""region"": ""New York"", ""country"": ""United States"", ""address"": ""88 N Village Ave, Rockville Centre, NY 11570, USA""}, {""id"": ""ChIJs6bUiwp7wokRzCTx1C_Cjq0"", ""name"": ""No Good Burger Joint – Baldwin"", ""locality"": ""Baldwin"", ""region"": ""New York"", ""country"": ""United States"", ""address"": ""930 Atlantic Ave, Baldwin, NY 11510, USA""}]","{""1"": null, ""3"": null, ""5"": null}",0.3264000000001488,,0,0,read_only_retained_evidence,,"[{""name"": ""canonicalization_local_replay"", ""startMs"": 0.0987999999999829, ""endMs"": 0.2315000000000964}, {""name"": ""canonicalization_local_replay"", ""startMs"": 0.23390000000017608, ""endMs"": 0.2898999999999887}, {""name"": ""premium_policy_replay"", ""startMs"": 0.2904000000000906, ""endMs"": 0.3024000000000342}, {""name"": ""automatic_deep_and_finalizer_replay"", ""startMs"": 0.30700000000001637, ""endMs"": 0.3218000000001666}]",deterministic_policy_replay,,,
baseline_repaired,H12,group-4b172e80e17a5fa7,TRAIN_DEVELOPMENT,real,UNVERIFIED,review,False,False,,,,1,0,,True,False,,,False,,False,HIGH,"[{""id"": ""ChIJB8TeZRjkjYAR4UJK4fNQ8-M"", ""name"": ""Old Fisherman's Grotto"", ""locality"": ""Monterey"", ""region"": ""California"", ""country"": ""United States"", ""address"": ""39 Fishermans Wharf, Monterey, CA 93940, USA""}]","[{""id"": ""ChIJB8TeZRjkjYAR4UJK4fNQ8-M"", ""name"": ""Old Fisherman's Grotto"", ""locality"": ""Monterey"", ""region"": ""California"", ""country"": ""United States"", ""address"": ""39 Fishermans Wharf, Monterey, CA 93940, USA""}]","{""1"": null, ""3"": null, ""5"": null}",0.14899999999988722,,0,0,read_only_retained_evidence,,"[{""name"": ""canonicalization_local_replay"", ""startMs"": 0.057900000000017826, ""endMs"": 0.12750000000005457}, {""name"": ""premium_policy_replay"", ""startMs"": 0.12819999999987886, ""endMs"": 0.13249999999993634}, {""name"": ""automatic_deep_and_finalizer_replay"", ""startMs"": 0.13560000000006767, ""endMs"": 0.14660000000003492}]",deterministic_policy_replay,,,
baseline_repaired,P01,group-2758a1c329d45c03,TRAIN_DEVELOPMENT,real,VERIFIED_EXACT_SINGLE,review,False,True,False,False,False,1,1,0,True,False,,,False,,False,HIGH,"[{""id"": ""ChIJPxBh-XgWjoARZlz1iflbMsE"", ""name"": ""Aptos Street BBQ"", ""locality"": ""Aptos"", ""region"": ""California"", ""country"": ""United States"", ""address"": ""8059 Aptos St, Aptos, CA 95003, USA""}]","[{""id"": ""ChIJPxBh-XgWjoARZlz1iflbMsE"", ""name"": ""Aptos Street BBQ"", ""locality"": ""Aptos"", ""region"": ""California"", ""country"": ""United States"", ""address"": ""8059 Aptos St, Aptos, CA 95003, USA""}]","{""1"": 0, ""3"": 0, ""5"": 0}",0.1874000000000251,,0,0,read_only_retained_evidence,,"[{""name"": ""canonicalization_local_replay"", ""startMs"": 0.06899999999995998, ""endMs"": 0.14650000000006003}, {""name"": ""premium_policy_replay"", ""startMs"": 0.1471999999998843, ""endMs"": 0.17210000000000036}, {""name"": ""automatic_deep_and_finalizer_replay"", ""startMs"": 0.17570000000000618, ""endMs"": 0.18499999999994543}]",deterministic_policy_replay,,,
baseline_repaired,P02,group-16acf74d124a9b4d,TRAIN_DEVELOPMENT,real,UNVERIFIED,review,False,False,,,,1,0,,True,False,,,False,,False,HIGH,"[{""id"": ""ChIJvUH-h0Eh3YARm3aq4RiI5Sc"", ""name"": ""BLK Earth Sea Spirits"", ""locality"": ""Huntington Beach"", ""region"": ""California"", ""country"": ""United States"", ""address"": ""300 Pacific Coast Hwy Ste 202, Huntington Beach, CA 92648, USA""}]","[{""id"": ""ChIJvUH-h0Eh3YARm3aq4RiI5Sc"", ""name"": ""BLK Earth Sea Spirits"", ""locality"": ""Huntington Beach"", ""region"": ""California"", ""country"": ""United States"", ""address"": ""300 Pacific Coast Hwy Ste 202, Huntington Beach, CA 92648, USA""}]","{""1"": null, ""3"": null, ""5"": null}",0.1369999999999436,,0,0,read_only_retained_evidence,,"[{""name"": ""canonicalization_local_replay"", ""startMs"": 0.05770000000006803, ""endMs"": 0.12030000000004293}, {""name"": ""premium_policy_replay"", ""startMs"": 0.12110000000006949, ""endMs"": 0.12310000000002219}, {""name"": ""automatic_deep_and_finalizer_replay"", ""startMs"": 0.12599999999997635, ""endMs"": 0.134900000000016}]",deterministic_policy_replay,,,
baseline_repaired,P03,group-c994ecef8f751a78,TRAIN_DEVELOPMENT,real,UNVERIFIED,review,False,False,,,,1,0,,True,False,,,False,,False,HIGH,"[{""id"": ""ChIJSado-SVAjoARLJTf9JyolQE"", ""name"": ""Chocolate (Chocolate the Restaurant)"", ""locality"": ""Santa Cruz"", ""region"": ""California"", ""country"": ""United States"", ""address"": ""1522 Pacific Ave, Santa Cruz, CA 95060, USA""}]","[{""id"": ""ChIJSado-SVAjoARLJTf9JyolQE"", ""name"": ""Chocolate (Chocolate the Restaurant)"", ""locality"": ""Santa Cruz"", ""region"": ""California"", ""country"": ""United States"", ""address"": ""1522 Pacific Ave, Santa Cruz, CA 95060, USA""}]","{""1"": null, ""3"": null, ""5"": null}",0.18450000000007094,,0,0,read_only_retained_evidence,,"[{""name"": ""canonicalization_local_replay"", ""startMs"": 0.05670000000009168, ""endMs"": 0.14419999999995525}, {""name"": ""premium_policy_replay"", ""startMs"": 0.1449999999999818, ""endMs"": 0.17080000000009932}, {""name"": ""automatic_deep_and_finalizer_replay"", ""startMs"": 0.17440000000010514, ""endMs"": 0.18229999999994106}]",deterministic_policy_replay,,,
baseline_repaired,P04,group-529f9d5e5ed6a6ca,TRAIN_DEVELOPMENT,real,UNVERIFIED,review,False,False,,,,2,0,,False,False,,,False,,False,HIGH,"[{""id"": ""ChIJ_xurk7bf3IARMf5rcv8wxJs"", ""name"": ""Mesa Verde Farmers Market (Farm Habit Mesa Verde)"", ""locality"": ""Costa Mesa"", ""region"": ""California"", ""country"": ""United States"", ""address"": ""1525 Mesa Verde Dr E, Costa Mesa, CA 92626, USA""}, {""id"": ""ChIJYRZbxcLf3IARboEvbUfAXRk"", ""name"": ""Deli Nerds"", ""locality"": ""Costa Mesa"", ""region"": ""California"", ""country"": ""United States"", ""address"": ""1525 Mesa Verde Dr E Ste 117, Costa Mesa, CA 92626, USA""}]","[{""id"": ""ChIJ_xurk7bf3IARMf5rcv8wxJs"", ""name"": ""Mesa Verde Farmers Market (Farm Habit Mesa Verde)"", ""locality"": ""Costa Mesa"", ""region"": ""California"", ""country"": ""United States"", ""address"": ""1525 Mesa Verde Dr E, Costa Mesa, CA 92626, USA""}, {""id"": ""ChIJYRZbxcLf3IARboEvbUfAXRk"", ""name"": ""Deli Nerds"", ""locality"": ""Costa Mesa"", ""region"": ""California"", ""country"": ""United States"", ""address"": ""1525 Mesa Verde Dr E Ste 117, Costa Mesa, CA 92626, USA""}]","{""1"": null, ""2"": null, ""3"": null, ""5"": null}",0.23330000000009932,,0,0,read_only_retained_evidence,,"[{""name"": ""canonicalization_local_replay"", ""startMs"": 0.07369999999991705, ""endMs"": 0.16020000000003165}, {""name"": ""premium_policy_replay"", ""startMs"": 0.1609000000000833, ""endMs"": 0.16270000000008622}, {""name"": ""canonicalization_local_replay"", ""startMs"": 0.16499999999996362, ""endMs"": 0.21640000000002146}, {""name"": ""premium_policy_replay"", ""startMs"": 0.21690000000012333, ""endMs"": 0.21810000000004948}, {""name"": ""automatic_deep_and_finalizer_replay"", ""startMs"": 0.2215000000001055, ""endMs"": 0.23060000000009495}]",deterministic_policy_replay,,,
baseline_repaired,P05,group-570d18a23470cca7,TRAIN_DEVELOPMENT,real,VERIFIED_EXACT_SINGLE,review,False,True,False,False,False,1,1,0,True,False,,,False,,False,HIGH,"[{""id"": null, ""name"": ""Orange County Greek Festival (OC Greek Fest) at St. John the Baptist Greek Orthodox Church"", ""locality"": ""Anaheim"", ""region"": ""California"", ""country"": ""United States"", ""address"": null}]","[{""id"": null, ""name"": ""Orange County Greek Festival (OC Greek Fest) at St. John the Baptist Greek Orthodox Church"", ""locality"": ""Anaheim"", ""region"": ""California"", ""country"": ""United States"", ""address"": null}]","{""1"": 0, ""3"": 0, ""5"": 0}",0.08169999999995525,,0,0,read_only_retained_evidence,,"[{""name"": ""premium_policy_replay"", ""startMs"": 0.06590000000005602, ""endMs"": 0.07150000000001455}, {""name"": ""automatic_deep_and_finalizer_replay"", ""startMs"": 0.07490000000007058, ""endMs"": 0.0787000000000262}]",deterministic_policy_replay,,,
baseline_repaired,P06,group-f5d98b10bd2d59d9,TRAIN_DEVELOPMENT,real,VERIFIED_EXACT_SINGLE,review,False,True,False,False,False,1,1,0,True,False,,,False,,False,HIGH,"[{""id"": ""ChIJ5cuORWom3YARPTjxELrS3ng"", ""name"": ""Biergarten at Old World Huntington Beach (Old World Village)"", ""locality"": ""Huntington Beach"", ""region"": ""California"", ""country"": ""United States"", ""address"": ""7561 Center Ave #49, Huntington Beach, CA 92647, USA""}]","[{""id"": ""ChIJ5cuORWom3YARPTjxELrS3ng"", ""name"": ""Biergarten at Old World Huntington Beach (Old World Village)"", ""locality"": ""Huntington Beach"", ""region"": ""California"", ""country"": ""United States"", ""address"": ""7561 Center Ave #49, Huntington Beach, CA 92647, USA""}]","{""1"": 0, ""3"": 0, ""5"": 0}",0.10040000000003602,,0,0,read_only_retained_evidence,,"[{""name"": ""premium_policy_replay"", ""startMs"": 0.05349999999998545, ""endMs"": 0.08220000000005712}, {""name"": ""automatic_deep_and_finalizer_replay"", ""startMs"": 0.08760000000006585, ""endMs"": 0.09809999999993124}]",deterministic_policy_replay,,,
baseline_repaired,P07,group-6d972cde2ab759ee,TRAIN_DEVELOPMENT,real,UNVERIFIED,review,False,False,,,,1,0,,True,False,,,False,,False,HIGH,"[{""id"": ""ChIJU_ab-yIVjoAR5WIBCe7nKpE"", ""name"": ""The Point Market"", ""locality"": ""Santa Cruz"", ""region"": ""California"", ""country"": ""United States"", ""address"": ""23040 E Cliff Dr, Santa Cruz, CA 95062, USA""}]","[{""id"": ""ChIJU_ab-yIVjoAR5WIBCe7nKpE"", ""name"": ""The Point Market"", ""locality"": ""Santa Cruz"", ""region"": ""California"", ""country"": ""United States"", ""address"": ""23040 E Cliff Dr, Santa Cruz, CA 95062, USA""}]","{""1"": null, ""3"": null, ""5"": null}",0.134900000000016,,0,0,read_only_retained_evidence,,"[{""name"": ""canonicalization_local_replay"", ""startMs"": 0.053800000000137516, ""endMs"": 0.11509999999998399}, {""name"": ""premium_policy_replay"", ""startMs"": 0.11570000000006075, ""endMs"": 0.12170000000014625}, {""name"": ""automatic_deep_and_finalizer_replay"", ""startMs"": 0.1248000000000502, ""endMs"": 0.1329000000000633}]",deterministic_policy_replay,,,
baseline_repaired,P08,group-24136a7c1da16b4b,TRAIN_DEVELOPMENT,real,UNVERIFIED,review,False,False,,,,1,0,,True,False,,,False,,False,HIGH,"[{""id"": ""ChIJnRX-2FJrjoARoeQkm8tJ08E"", ""name"": ""Seabright Deli"", ""locality"": ""Santa Cruz"", ""region"": ""California"", ""country"": ""United States"", ""address"": ""415 Seabright Ave, Santa Cruz, CA 95062, USA""}]","[{""id"": ""ChIJnRX-2FJrjoARoeQkm8tJ08E"", ""name"": ""Seabright Deli"", ""locality"": ""Santa Cruz"", ""region"": ""California"", ""country"": ""United States"", ""address"": ""415 Seabright Ave, Santa Cruz, CA 95062, USA""}]","{""1"": null, ""3"": null, ""5"": null}",0.14450000000010732,,0,0,read_only_retained_evidence,,"[{""name"": ""canonicalization_local_replay"", ""startMs"": 0.05120000000010805, ""endMs"": 0.12950000000000728}, {""name"": ""premium_policy_replay"", ""startMs"": 0.13020000000005894, ""endMs"": 0.13180000000011205}, {""name"": ""automatic_deep_and_finalizer_replay"", ""startMs"": 0.1347000000000662, ""endMs"": 0.14250000000015461}]",deterministic_policy_replay,,,
baseline_repaired,P09,group-dc5c2523df8e2e36,TRAIN_DEVELOPMENT,real,UNVERIFIED,review,False,False,,,,1,0,,True,False,,,False,,False,MEDIUM,"[{""id"": ""ChIJ4SCfxshrjoARoXzvWT_38_I"", ""name"": ""Tacos El Chuy food truck"", ""locality"": ""Santa Cruz"", ""region"": ""California"", ""country"": ""United States"", ""address"": ""402 Ingalls St, Santa Cruz, CA 95060, USA""}]","[{""id"": ""ChIJ4SCfxshrjoARoXzvWT_38_I"", ""name"": ""Tacos El Chuy food truck"", ""locality"": ""Santa Cruz"", ""region"": ""California"", ""country"": ""United States"", ""address"": ""402 Ingalls St, Santa Cruz, CA 95060, USA""}]","{""1"": null, ""3"": null, ""5"": null}",0.17049999999994725,,0,0,read_only_retained_evidence,,"[{""name"": ""canonicalization_local_replay"", ""startMs"": 0.05919999999991887, ""endMs"": 0.15419999999994616}, {""name"": ""premium_policy_replay"", ""startMs"": 0.15480000000002292, ""endMs"": 0.15660000000002583}, {""name"": ""automatic_deep_and_finalizer_replay"", ""startMs"": 0.1595999999999549, ""endMs"": 0.16840000000001965}]",deterministic_policy_replay,,,
baseline_repaired,R03,group-ab36036ef4ff0a20,TRAIN_DEVELOPMENT,real,UNVERIFIED,review,False,False,,,,1,0,,True,False,,,False,,False,HIGH,"[{""id"": ""ChIJebCqymldv1QR2ivpC1qxzWI"", ""name"": ""Tamolitch Blue Pool (Tamolitch Falls)"", ""locality"": ""McKenzie Bridge"", ""region"": ""Oregon"", ""country"": ""United States"", ""address"": ""National Forest Road 2672-655, McKenzie Bridge, OR 97413, USA""}]","[{""id"": ""ChIJebCqymldv1QR2ivpC1qxzWI"", ""name"": ""Tamolitch Blue Pool (Tamolitch Falls)"", ""locality"": ""McKenzie Bridge"", ""region"": ""Oregon"", ""country"": ""United States"", ""address"": ""National Forest Road 2672-655, McKenzie Bridge, OR 97413, USA""}]","{""1"": null, ""3"": null, ""5"": null}",0.15419999999994616,,0,0,read_only_retained_evidence,,"[{""name"": ""canonicalization_local_replay"", ""startMs"": 0.05209999999988213, ""endMs"": 0.139299999999821}, {""name"": ""premium_policy_replay"", ""startMs"": 0.13969999999994798, ""endMs"": 0.1413000000000011}, {""name"": ""automatic_deep_and_finalizer_replay"", ""startMs"": 0.14429999999993015, ""endMs"": 0.15189999999984138}]",deterministic_policy_replay,,,
baseline_repaired,R04,group-330dd1decd033bba,TRAIN_DEVELOPMENT,real,UNVERIFIED,review,False,False,,,,1,0,,True,False,,,False,,False,MEDIUM,"[{""id"": null, ""name"": ""Dorset Marble Quarry (Norcross-West Marble Quarry)"", ""locality"": ""Dorset"", ""region"": ""Vermont"", ""country"": ""United States"", ""address"": null}]","[{""id"": null, ""name"": ""Dorset Marble Quarry (Norcross-West Marble Quarry)"", ""locality"": ""Dorset"", ""region"": ""Vermont"", ""country"": ""United States"", ""address"": null}]","{""1"": null, ""3"": null, ""5"": null}",0.26510000000007494,,0,0,read_only_retained_evidence,,"[{""name"": ""canonicalization_local_replay"", ""startMs"": 0.055700000000115324, ""endMs"": 0.25680000000011205}, {""name"": ""premium_policy_replay"", ""startMs"": 0.25749999999993634, ""endMs"": 0.25929999999993925}, {""name"": ""automatic_deep_and_finalizer_replay"", ""startMs"": 0.261600000000044, ""endMs"": 0.2626000000000204}]",deterministic_policy_replay,,,
baseline_repaired,R05,group-1444962ff685397f,TRAIN_DEVELOPMENT,real,UNVERIFIED,review,False,False,,,,1,0,,True,False,,,False,,False,HIGH,"[{""id"": ""ChIJTQwskQWEbm0RMTFAiStkGl8"", ""name"": ""Okere Falls Scenic Reserve (Kaituna River)"", ""locality"": ""Okere Falls"", ""region"": ""Bay of Plenty"", ""country"": ""New Zealand"", ""address"": ""9 Trout Pool Road, Okere Falls 3074, New Zealand""}]","[{""id"": ""ChIJTQwskQWEbm0RMTFAiStkGl8"", ""name"": ""Okere Falls Scenic Reserve (Kaituna River)"", ""locality"": ""Okere Falls"", ""region"": ""Bay of Plenty"", ""country"": ""New Zealand"", ""address"": ""9 Trout Pool Road, Okere Falls 3074, New Zealand""}, {""id"": ""ChIJ-S7PTQKEbm0RYIRljW37IeA"", ""name"": ""Tutea Falls"", ""locality"": ""Okere Falls"", ""region"": ""Bay of Plenty"", ""country"": ""New Zealand"", ""address"": ""103 Trout Pool Road, Okere Falls 3074, New Zealand""}, {""id"": ""ChIJnaR98wGEbm0RDKp82Kq1-6c"", ""name"": ""Trout Pool Falls"", ""locality"": ""Okere Falls"", ""region"": ""Bay of Plenty"", ""country"": ""New Zealand"", ""address"": ""Okere Falls 3074, New Zealand""}]","{""1"": null, ""3"": null, ""5"": null}",0.19279999999980646,,0,0,read_only_retained_evidence,,"[{""name"": ""canonicalization_local_replay"", ""startMs"": 0.07609999999999673, ""endMs"": 0.14649999999983265}, {""name"": ""canonicalization_local_replay"", ""startMs"": 0.14829999999983556, ""endMs"": 0.17719999999985703}, {""name"": ""premium_policy_replay"", ""startMs"": 0.177599999999984, ""endMs"": 0.17929999999978463}, {""name"": ""automatic_deep_and_finalizer_replay"", ""startMs"": 0.18219999999996617, ""endMs"": 0.19049999999992906}]",deterministic_policy_replay,,,
baseline_repaired,R08,group-bda7ec4bbac58dc5,TRAIN_DEVELOPMENT,real,VERIFIED_EXACT_SINGLE,review,False,True,False,False,False,1,1,0,True,False,,,False,,False,MEDIUM,"[{""id"": null, ""name"": ""Moku Nui, Mokulua Islands"", ""locality"": ""Kailua"", ""region"": ""Hawaii"", ""country"": ""United States"", ""address"": null}]","[{""id"": null, ""name"": ""Moku Nui, Mokulua Islands"", ""locality"": ""Kailua"", ""region"": ""Hawaii"", ""country"": ""United States"", ""address"": null}, {""id"": ""ChIJwx-q1FEUAHwRoyqaD18fq38"", ""name"": ""Queen's Bath cliff-jumping cove, Moku Nui"", ""locality"": ""Kailua"", ""region"": ""Hawaii"", ""country"": ""United States"", ""address"": ""Moku Nui, Hawaii 96734, USA""}]","{""1"": 0, ""2"": 0, ""3"": 0, ""5"": 0}",0.09619999999995343,,0,0,read_only_retained_evidence,,"[{""name"": ""premium_policy_replay"", ""startMs"": 0.06790000000000873, ""endMs"": 0.08030000000007931}, {""name"": ""automatic_deep_and_finalizer_replay"", ""startMs"": 0.08469999999988431, ""endMs"": 0.09400000000005093}]",deterministic_policy_replay,,,
baseline_repaired,S01,group-24136a7c1da16b4b,TRAIN_DEVELOPMENT,real,VERIFIED_EXACT_SINGLE,review,False,True,True,False,True,1,1,1,True,False,,,False,,False,HIGH,"[{""id"": ""ChIJnRX-2FJrjoARoeQkm8tJ08E"", ""name"": ""Seabright Deli"", ""locality"": ""Santa Cruz"", ""region"": ""California"", ""country"": ""United States"", ""address"": ""415 Seabright Ave, Santa Cruz, CA 95062, USA""}]","[{""id"": ""ChIJnRX-2FJrjoARoeQkm8tJ08E"", ""name"": ""Seabright Deli"", ""locality"": ""Santa Cruz"", ""region"": ""California"", ""country"": ""United States"", ""address"": ""415 Seabright Ave, Santa Cruz, CA 95062, USA""}]","{""1"": 1, ""3"": 1, ""5"": 1}",0.12049999999999272,0.12049999999999272,0,0,read_only_retained_evidence,,"[{""name"": ""canonicalization_local_replay"", ""startMs"": 0.05269999999995889, ""endMs"": 0.10609999999996944}, {""name"": ""premium_policy_replay"", ""startMs"": 0.1067000000000462, ""endMs"": 0.10850000000004911}, {""name"": ""automatic_deep_and_finalizer_replay"", ""startMs"": 0.11130000000002838, ""endMs"": 0.11830000000009022}]",deterministic_policy_replay,,,
baseline_repaired,S06,group-24136a7c1da16b4b,TRAIN_DEVELOPMENT,real,UNVERIFIED,review,False,False,,,,1,0,,True,False,,,False,,False,HIGH,"[{""id"": ""ChIJnRX-2FJrjoARoeQkm8tJ08E"", ""name"": ""Seabright Deli"", ""locality"": ""Santa Cruz"", ""region"": ""California"", ""country"": ""United States"", ""address"": ""415 Seabright Ave, Santa Cruz, CA 95062, USA""}]","[{""id"": ""ChIJnRX-2FJrjoARoeQkm8tJ08E"", ""name"": ""Seabright Deli"", ""locality"": ""Santa Cruz"", ""region"": ""California"", ""country"": ""United States"", ""address"": ""415 Seabright Ave, Santa Cruz, CA 95062, USA""}]","{""1"": null, ""3"": null, ""5"": null}",0.1414999999999509,,0,0,read_only_retained_evidence,,"[{""name"": ""canonicalization_local_replay"", ""startMs"": 0.05089999999995598, ""endMs"": 0.10329999999999018}, {""name"": ""premium_policy_replay"", ""startMs"": 0.10379999999986467, ""endMs"": 0.12879999999995562}, {""name"": ""automatic_deep_and_finalizer_replay"", ""startMs"": 0.13210000000003674, ""endMs"": 0.13930000000004839}]",deterministic_policy_replay,,,
baseline_repaired,V02,group-14be013e815b69d5,TRAIN_DEVELOPMENT,real,VERIFIED_EXACT_SINGLE,review,False,True,True,False,True,1,1,1,True,False,,,False,,False,HIGH,"[{""id"": ""ChIJ3dEbnTMh3YARhAvz8VeCxJg"", ""name"": ""Capone's Cucina"", ""locality"": ""Huntington Beach"", ""region"": ""California"", ""country"": ""United States"", ""address"": ""19688 Beach Blvd #10, Huntington Beach, CA 92648, USA""}]","[{""id"": ""ChIJ3dEbnTMh3YARhAvz8VeCxJg"", ""name"": ""Capone's Cucina"", ""locality"": ""Huntington Beach"", ""region"": ""California"", ""country"": ""United States"", ""address"": ""19688 Beach Blvd #10, Huntington Beach, CA 92648, USA""}]","{""1"": 1, ""3"": 1, ""5"": 1}",0.13869999999997162,0.13869999999997162,0,0,read_only_retained_evidence,,"[{""name"": ""canonicalization_local_replay"", ""startMs"": 0.05279999999993379, ""endMs"": 0.125}, {""name"": ""premium_policy_replay"", ""startMs"": 0.12560000000007676, ""endMs"": 0.1269999999999527}, {""name"": ""automatic_deep_and_finalizer_replay"", ""startMs"": 0.12959999999998217, ""endMs"": 0.1368999999999687}]",deterministic_policy_replay,,,
baseline_repaired,V03,group-f4e6989385ff9927,TRAIN_DEVELOPMENT,real,VERIFIED_EXACT_SINGLE,review,False,True,True,False,True,1,1,1,True,False,,,False,,False,HIGH,"[{""id"": ""ChIJmTMMbfBUUCERzikg7fC87Aw"", ""name"": ""Brooklyn City Pizzeria & Market"", ""locality"": ""Laguna Niguel"", ""region"": ""California"", ""country"": ""United States"", ""address"": ""30012 Crown Valley Pkwy Ste l, Laguna Niguel, CA 92677, USA""}]","[{""id"": ""ChIJmTMMbfBUUCERzikg7fC87Aw"", ""name"": ""Brooklyn City Pizzeria & Market"", ""locality"": ""Laguna Niguel"", ""region"": ""California"", ""country"": ""United States"", ""address"": ""30012 Crown Valley Pkwy Ste l, Laguna Niguel, CA 92677, USA""}]","{""1"": 1, ""3"": 1, ""5"": 1}",0.12959999999998217,0.12959999999998217,0,0,read_only_retained_evidence,,"[{""name"": ""canonicalization_local_replay"", ""startMs"": 0.053699999999935244, ""endMs"": 0.11189999999987776}, {""name"": ""premium_policy_replay"", ""startMs"": 0.11259999999992942, ""endMs"": 0.1150000000000091}, {""name"": ""automatic_deep_and_finalizer_replay"", ""startMs"": 0.11839999999983775, ""endMs"": 0.1270999999999276}]",deterministic_policy_replay,,,
baseline_repaired,V04,group-c18d19d9d33cc24e,TRAIN_DEVELOPMENT,real,UNVERIFIED,review,False,False,,,,1,0,,True,False,,,False,,False,HIGH,"[{""id"": null, ""name"": ""Hellfire Bay"", ""locality"": ""Esperance"", ""region"": ""Western Australia"", ""country"": ""Australia"", ""address"": null}]","[{""id"": null, ""name"": ""Hellfire Bay"", ""locality"": ""Esperance"", ""region"": ""Western Australia"", ""country"": ""Australia"", ""address"": null}]","{""1"": null, ""3"": null, ""5"": null}",0.21339999999986503,,0,0,read_only_retained_evidence,,"[{""name"": ""canonicalization_local_replay"", ""startMs"": 0.0543999999999869, ""endMs"": 0.2053000000000793}, {""name"": ""premium_policy_replay"", ""startMs"": 0.2059999999999036, ""endMs"": 0.2075999999999567}, {""name"": ""automatic_deep_and_finalizer_replay"", ""startMs"": 0.21000000000003638, ""endMs"": 0.21100000000001273}]",deterministic_policy_replay,,,
baseline_repaired,V05,group-9ab4b3b17d7ebfe6,TRAIN_DEVELOPMENT,real,VERIFIED_EXACT_SINGLE,review,False,True,True,False,True,1,1,1,True,False,,,False,,False,HIGH,"[{""id"": ""ChIJl25h7GXf3IAR6OBs3e4cxrM"", ""name"": ""Paradise Dynasty at South Coast Plaza"", ""locality"": ""Costa Mesa"", ""region"": ""California"", ""country"": ""United States"", ""address"": ""3333 Bristol Street, BLM, 1 Bloomingdale's, Costa Mesa, CA 92626, USA""}]","[{""id"": ""ChIJl25h7GXf3IAR6OBs3e4cxrM"", ""name"": ""Paradise Dynasty at South Coast Plaza"", ""locality"": ""Costa Mesa"", ""region"": ""California"", ""country"": ""United States"", ""address"": ""3333 Bristol Street, BLM, 1 Bloomingdale's, Costa Mesa, CA 92626, USA""}, {""id"": ""ChIJ__9LYP7AwoARbUN-XY5iVDs"", ""name"": ""Paradise Dynasty at The Americana at Brand"", ""locality"": ""Glendale"", ""region"": ""California"", ""country"": ""United States"", ""address"": ""177 Caruso Ave, Glendale, CA 91210, USA""}]","{""1"": 1, ""2"": 1, ""3"": 1, ""5"": 1}",0.2197000000001026,0.2197000000001026,0,0,read_only_retained_evidence,,"[{""name"": ""canonicalization_local_replay"", ""startMs"": 0.06970000000001164, ""endMs"": 0.1489000000001397}, {""name"": ""canonicalization_local_replay"", ""startMs"": 0.1508000000001175, ""endMs"": 0.20100000000002183}, {""name"": ""premium_policy_replay"", ""startMs"": 0.20139999999992142, ""endMs"": 0.20299999999997453}, {""name"": ""automatic_deep_and_finalizer_replay"", ""startMs"": 0.2057999999999538, ""endMs"": 0.21730000000002292}]",deterministic_policy_replay,,,
winner,C06,group-e18b75a07d89860b,TRAIN_DEVELOPMENT,real,UNVERIFIED,review,False,False,,,,1,0,,True,False,,,False,,False,HIGH,"[{""id"": ""ChIJCYhMeztnXIYRmhgTIsz4azA"", ""name"": ""Tuxedo Cat's Coffee"", ""locality"": ""San Antonio"", ""region"": ""Texas"", ""country"": ""United States"", ""address"": ""6075 Heath Rd, San Antonio, TX 78250, USA""}]","[{""id"": ""ChIJCYhMeztnXIYRmhgTIsz4azA"", ""name"": ""Tuxedo Cat's Coffee"", ""locality"": ""San Antonio"", ""region"": ""Texas"", ""country"": ""United States"", ""address"": ""6075 Heath Rd, San Antonio, TX 78250, USA""}]","{""1"": null, ""3"": null, ""5"": null}",6.190500000000043,,0,0,read_only_retained_evidence,,"[{""name"": ""canonicalization_local_replay"", ""startMs"": 0.6848999999999705, ""endMs"": 3.3841999999999643}, {""name"": ""premium_policy_replay"", ""startMs"": 3.3920000000000528, ""endMs"": 3.5270000000000437}, {""name"": ""automatic_deep_and_finalizer_replay"", ""startMs"": 3.648400000000038, ""endMs"": 6.031500000000051}]",deterministic_policy_replay,True,False,
winner,H01,group-1462acfd3f7301c9,TRAIN_DEVELOPMENT,real,VERIFIED_EXACT_SINGLE,review,False,True,True,False,True,1,1,1,True,False,,,False,,False,HIGH,"[{""id"": ""ChIJE5pV1UMh3YARIhsItpUt0K8"", ""name"": ""2nd Floor Gallery Bar & Grill"", ""locality"": ""Huntington Beach"", ""region"": ""California"", ""country"": ""United States"", ""address"": ""126 Main St, Huntington Beach, CA 92648, USA""}]","[{""id"": ""ChIJE5pV1UMh3YARIhsItpUt0K8"", ""name"": ""2nd Floor Gallery Bar & Grill"", ""locality"": ""Huntington Beach"", ""region"": ""California"", ""country"": ""United States"", ""address"": ""126 Main St, Huntington Beach, CA 92648, USA""}]","{""1"": 1, ""3"": 1, ""5"": 1}",1.6918000000000575,1.6918000000000575,0,0,read_only_retained_evidence,,"[{""name"": ""canonicalization_local_replay"", ""startMs"": 0.1271000000000413, ""endMs"": 0.9390000000000782}, {""name"": ""premium_policy_replay"", ""startMs"": 0.9424999999999955, ""endMs"": 1.608000000000061}, {""name"": ""automatic_deep_and_finalizer_replay"", ""startMs"": 1.6317000000000235, ""endMs"": 1.675799999999981}]",deterministic_policy_replay,True,True,
winner,H02,group-c80c005bf0f8461e,TRAIN_DEVELOPMENT,real,VERIFIED_EXACT_SINGLE,review,False,True,True,False,True,1,1,1,True,False,,,False,,False,HIGH,"[{""id"": ""ChIJa-286P5BjoARx03hogk54cw"", ""name"": ""Mad Yolks"", ""locality"": ""Santa Cruz"", ""region"": ""California"", ""country"": ""United States"", ""address"": ""1411 Pacific Ave, Santa Cruz, CA 95060, USA""}]","[{""id"": ""ChIJa-286P5BjoARx03hogk54cw"", ""name"": ""Mad Yolks"", ""locality"": ""Santa Cruz"", ""region"": ""California"", ""country"": ""United States"", ""address"": ""1411 Pacific Ave, Santa Cruz, CA 95060, USA""}]","{""1"": 1, ""3"": 1, ""5"": 1}",0.35609999999996944,0.35609999999996944,0,0,read_only_retained_evidence,,"[{""name"": ""canonicalization_local_replay"", ""startMs"": 0.11269999999990432, ""endMs"": 0.2900999999999385}, {""name"": ""premium_policy_replay"", ""startMs"": 0.2927999999999429, ""endMs"": 0.3038999999999987}, {""name"": ""automatic_deep_and_finalizer_replay"", ""startMs"": 0.3149999999999409, ""endMs"": 0.34209999999995944}]",deterministic_policy_replay,True,True,
winner,H03,group-9926b4b686fcbb90,TRAIN_DEVELOPMENT,real,UNVERIFIED,review,False,False,,,,1,0,,True,False,,,False,,False,HIGH,"[{""id"": ""ChIJB7PfHJtqjoARSxWPsJUMYQA"", ""name"": ""Las Palmas Taco Bar"", ""locality"": ""Santa Cruz"", ""region"": ""California"", ""country"": ""United States"", ""address"": ""55 Front St, Santa Cruz, CA 95060, USA""}]","[{""id"": ""ChIJB7PfHJtqjoARSxWPsJUMYQA"", ""name"": ""Las Palmas Taco Bar"", ""locality"": ""Santa Cruz"", ""region"": ""California"", ""country"": ""United States"", ""address"": ""55 Front St, Santa Cruz, CA 95060, USA""}]","{""1"": null, ""3"": null, ""5"": null}",0.5615999999999985,,0,0,read_only_retained_evidence,,"[{""name"": ""canonicalization_local_replay"", ""startMs"": 0.16049999999995634, ""endMs"": 0.4230000000000018}, {""name"": ""premium_policy_replay"", ""startMs"": 0.44450000000006185, ""endMs"": 0.45860000000004675}, {""name"": ""automatic_deep_and_finalizer_replay"", ""startMs"": 0.49320000000000164, ""endMs"": 0.5339000000000169}]",deterministic_policy_replay,True,False,
winner,H04,group-24136a7c1da16b4b,TRAIN_DEVELOPMENT,real,VERIFIED_EXACT_SINGLE,review,False,True,True,False,True,1,1,1,True,False,,,False,,False,HIGH,"[{""id"": ""ChIJnRX-2FJrjoARoeQkm8tJ08E"", ""name"": ""Seabright Deli"", ""locality"": ""Santa Cruz"", ""region"": ""California"", ""country"": ""United States"", ""address"": ""415 Seabright Ave, Santa Cruz, CA 95062, USA""}]","[{""id"": ""ChIJnRX-2FJrjoARoeQkm8tJ08E"", ""name"": ""Seabright Deli"", ""locality"": ""Santa Cruz"", ""region"": ""California"", ""country"": ""United States"", ""address"": ""415 Seabright Ave, Santa Cruz, CA 95062, USA""}]","{""1"": 1, ""3"": 1, ""5"": 1}",0.5591999999999189,0.5591999999999189,0,0,read_only_retained_evidence,,"[{""name"": ""canonicalization_local_replay"", ""startMs"": 0.19389999999998508, ""endMs"": 0.45059999999989486}, {""name"": ""premium_policy_replay"", ""startMs"": 0.4599999999999227, ""endMs"": 0.47679999999991196}, {""name"": ""automatic_deep_and_finalizer_replay"", ""startMs"": 0.4979999999999336, ""endMs"": 0.543399999999906}]",deterministic_policy_replay,True,True,
winner,H05,group-c80c005bf0f8461e,TRAIN_DEVELOPMENT,real,VERIFIED_EXACT_SINGLE,review,False,True,True,False,True,1,1,1,True,False,,,False,,False,HIGH,"[{""id"": ""ChIJa-286P5BjoARx03hogk54cw"", ""name"": ""Mad Yolks"", ""locality"": ""Santa Cruz"", ""region"": ""California"", ""country"": ""United States"", ""address"": ""1411 Pacific Ave, Santa Cruz, CA 95060, USA""}]","[{""id"": ""ChIJa-286P5BjoARx03hogk54cw"", ""name"": ""Mad Yolks"", ""locality"": ""Santa Cruz"", ""region"": ""California"", ""country"": ""United States"", ""address"": ""1411 Pacific Ave, Santa Cruz, CA 95060, USA""}]","{""1"": 1, ""3"": 1, ""5"": 1}",1.0175999999999021,1.0175999999999021,0,0,read_only_retained_evidence,,"[{""name"": ""canonicalization_local_replay"", ""startMs"": 0.3594999999999118, ""endMs"": 0.8368999999999005}, {""name"": ""premium_policy_replay"", ""startMs"": 0.856899999999996, ""endMs"": 0.8860999999999422}, {""name"": ""automatic_deep_and_finalizer_replay"", ""startMs"": 0.9180000000000064, ""endMs"": 0.9972999999999956}]",deterministic_policy_replay,True,True,
winner,H06,group-3004d54bb4bf5a5f,TRAIN_DEVELOPMENT,real,VERIFIED_EXACT_SINGLE,review,False,True,False,False,False,1,1,0,True,False,,,False,,False,MEDIUM,"[{""id"": ""ChIJdysZKQBNw4ARQHpLGNWirqc"", ""name"": ""Baqba Mexican Grill – Rialto"", ""locality"": ""Rialto"", ""region"": ""California"", ""country"": ""United States"", ""address"": ""1165 Renaissance Pkwy #410, Rialto, CA 92376, USA""}]","[{""id"": ""ChIJdysZKQBNw4ARQHpLGNWirqc"", ""name"": ""Baqba Mexican Grill – Rialto"", ""locality"": ""Rialto"", ""region"": ""California"", ""country"": ""United States"", ""address"": ""1165 Renaissance Pkwy #410, Rialto, CA 92376, USA""}, {""id"": ""ChIJoV_1bwAzw4ARgnSzpaTeQLQ"", ""name"": ""Baqba Mexican Grill – Montclair"", ""locality"": ""Montclair"", ""region"": ""California"", ""country"": ""United States"", ""address"": ""4288 Holt Blvd unit J, Montclair, CA 91763, USA""}]","{""1"": 0, ""2"": 0, ""3"": 0, ""5"": 0}",2.5009999999999764,,0,0,read_only_retained_evidence,,"[{""name"": ""canonicalization_local_replay"", ""startMs"": 0.5453999999999724, ""endMs"": 1.9323000000000548}, {""name"": ""canonicalization_local_replay"", ""startMs"": 1.951599999999985, ""endMs"": 2.3614000000000033}, {""name"": ""premium_policy_replay"", ""startMs"": 2.3640000000000327, ""endMs"": 2.3781999999999925}, {""name"": ""automatic_deep_and_finalizer_replay"", ""startMs"": 2.408300000000054, ""endMs"": 2.489900000000034}]",deterministic_policy_replay,True,True,
winner,H08,group-834d42451cf57548,TRAIN_DEVELOPMENT,real,VERIFIED_EXACT_SINGLE,review,False,True,True,False,True,1,1,1,True,False,,,False,,False,HIGH,"[{""id"": ""ChIJG1xM7EHX3IARfRat2N2mU84"", ""name"": ""Loaded Cafe – Orange"", ""locality"": ""Orange"", ""region"": ""California"", ""country"": ""United States"", ""address"": ""1834 N Tustin St, Orange, CA 92865, USA""}]","[{""id"": ""ChIJG1xM7EHX3IARfRat2N2mU84"", ""name"": ""Loaded Cafe – Orange"", ""locality"": ""Orange"", ""region"": ""California"", ""country"": ""United States"", ""address"": ""1834 N Tustin St, Orange, CA 92865, USA""}]","{""1"": 1, ""3"": 1, ""5"": 1}",1.012899999999945,1.012899999999945,0,0,read_only_retained_evidence,,"[{""name"": ""canonicalization_local_replay"", ""startMs"": 0.2684000000000424, ""endMs"": 0.7183999999999742}, {""name"": ""premium_policy_replay"", ""startMs"": 0.7214999999999918, ""endMs"": 0.8413000000000466}, {""name"": ""automatic_deep_and_finalizer_replay"", ""startMs"": 0.8727000000000089, ""endMs"": 1.001700000000028}]",deterministic_policy_replay,True,True,
winner,H09,group-303db44b0f1a79ba,TRAIN_DEVELOPMENT,real,VERIFIED_EXACT_SINGLE,review,False,True,False,False,False,1,1,0,True,False,,,False,,False,HIGH,"[{""id"": ""ChIJ2R9lbmYqw4ARNY62k_90y4Y"", ""name"": ""Pho Bamboo Restaurant"", ""locality"": ""City of Industry"", ""region"": ""California"", ""country"": ""United States"", ""address"": ""18209 Gale Ave, City of Industry, CA 91748, USA""}]","[{""id"": ""ChIJ2R9lbmYqw4ARNY62k_90y4Y"", ""name"": ""Pho Bamboo Restaurant"", ""locality"": ""City of Industry"", ""region"": ""California"", ""country"": ""United States"", ""address"": ""18209 Gale Ave, City of Industry, CA 91748, USA""}]","{""1"": 0, ""3"": 0, ""5"": 0}",1.2424000000000888,,0,0,read_only_retained_evidence,,"[{""name"": ""canonicalization_local_replay"", ""startMs"": 0.25310000000001764, ""endMs"": 0.7096000000000231}, {""name"": ""premium_policy_replay"", ""startMs"": 0.7113000000000511, ""endMs"": 1.1136000000000195}, {""name"": ""automatic_deep_and_finalizer_replay"", ""startMs"": 1.154800000000023, ""endMs"": 1.2305000000000064}]",deterministic_policy_replay,True,True,
winner,H10,group-fcfee9dbaea55d7b,TRAIN_DEVELOPMENT,real,UNVERIFIED,review,False,False,,,,1,0,,True,False,,,False,,False,HIGH,"[{""id"": ""ChIJvxBa4_4f3YARih5A9O_Z6ps"", ""name"": ""Baja Sharkeez Newport Beach"", ""locality"": ""Newport Beach"", ""region"": ""California"", ""country"": ""United States"", ""address"": ""114 Mc Fadden Pl, Newport Beach, CA 92663, USA""}]","[{""id"": ""ChIJvxBa4_4f3YARih5A9O_Z6ps"", ""name"": ""Baja Sharkeez Newport Beach"", ""locality"": ""Newport Beach"", ""region"": ""California"", ""country"": ""United States"", ""address"": ""114 Mc Fadden Pl, Newport Beach, CA 92663, USA""}]","{""1"": null, ""3"": null, ""5"": null}",0.7919000000000551,,0,0,read_only_retained_evidence,,"[{""name"": ""canonicalization_local_replay"", ""startMs"": 0.18050000000005184, ""endMs"": 0.4134999999999991}, {""name"": ""premium_policy_replay"", ""startMs"": 0.4151000000000522, ""endMs"": 0.7093999999999596}, {""name"": ""automatic_deep_and_finalizer_replay"", ""startMs"": 0.7436999999999898, ""endMs"": 0.7807999999999993}]",deterministic_policy_replay,True,False,
winner,H11,group-2a4a183c93aee491,TRAIN_DEVELOPMENT,real,UNVERIFIED,review,False,False,,,,1,0,,True,False,,,False,,False,HIGH,"[{""id"": ""ChIJwfFb4flYwokRP78kZ3ER5a8"", ""name"": ""No Good Burger Joint"", ""locality"": null, ""region"": ""New York"", ""country"": ""United States"", ""address"": ""119 W 56th St, New York, NY 10019, USA""}]","[{""id"": ""ChIJwfFb4flYwokRP78kZ3ER5a8"", ""name"": ""No Good Burger Joint"", ""locality"": null, ""region"": ""New York"", ""country"": ""United States"", ""address"": ""119 W 56th St, New York, NY 10019, USA""}, {""id"": ""ChIJ6UFvLv17wokRLxG2cJk8iFA"", ""name"": ""No Good Burger Joint – Rockville Centre"", ""locality"": ""Rockville Centre"", ""region"": ""New York"", ""country"": ""United States"", ""address"": ""88 N Village Ave, Rockville Centre, NY 11570, USA""}, {""id"": ""ChIJs6bUiwp7wokRzCTx1C_Cjq0"", ""name"": ""No Good Burger Joint – Baldwin"", ""locality"": ""Baldwin"", ""region"": ""New York"", ""country"": ""United States"", ""address"": ""930 Atlantic Ave, Baldwin, NY 11510, USA""}]","{""1"": null, ""3"": null, ""5"": null}",0.8745999999999867,,0,0,read_only_retained_evidence,,"[{""name"": ""canonicalization_local_replay"", ""startMs"": 0.23889999999994416, ""endMs"": 0.5610000000000355}, {""name"": ""canonicalization_local_replay"", ""startMs"": 0.566599999999994, ""endMs"": 0.7613999999999805}, {""name"": ""premium_policy_replay"", ""startMs"": 0.7633999999999332, ""endMs"": 0.7954999999999472}, {""name"": ""automatic_deep_and_finalizer_replay"", ""startMs"": 0.8242000000000189, ""endMs"": 0.8611999999999398}]",deterministic_policy_replay,True,False,
winner,H12,group-4b172e80e17a5fa7,TRAIN_DEVELOPMENT,real,UNVERIFIED,review,False,False,,,,1,0,,True,False,,,False,,False,HIGH,"[{""id"": ""ChIJB8TeZRjkjYAR4UJK4fNQ8-M"", ""name"": ""Old Fisherman's Grotto"", ""locality"": ""Monterey"", ""region"": ""California"", ""country"": ""United States"", ""address"": ""39 Fishermans Wharf, Monterey, CA 93940, USA""}]","[{""id"": ""ChIJB8TeZRjkjYAR4UJK4fNQ8-M"", ""name"": ""Old Fisherman's Grotto"", ""locality"": ""Monterey"", ""region"": ""California"", ""country"": ""United States"", ""address"": ""39 Fishermans Wharf, Monterey, CA 93940, USA""}]","{""1"": null, ""3"": null, ""5"": null}",0.3688999999999396,,0,0,read_only_retained_evidence,,"[{""name"": ""canonicalization_local_replay"", ""startMs"": 0.11879999999996471, ""endMs"": 0.3161999999999807}, {""name"": ""premium_policy_replay"", ""startMs"": 0.31729999999993197, ""endMs"": 0.3288000000000011}, {""name"": ""automatic_deep_and_finalizer_replay"", ""startMs"": 0.3365999999999758, ""endMs"": 0.36379999999996926}]",deterministic_policy_replay,True,False,
winner,P01,group-2758a1c329d45c03,TRAIN_DEVELOPMENT,real,VERIFIED_EXACT_SINGLE,review,False,True,False,False,False,1,1,0,True,False,,,False,,False,HIGH,"[{""id"": ""ChIJPxBh-XgWjoARZlz1iflbMsE"", ""name"": ""Aptos Street BBQ"", ""locality"": ""Aptos"", ""region"": ""California"", ""country"": ""United States"", ""address"": ""8059 Aptos St, Aptos, CA 95003, USA""}]","[{""id"": ""ChIJPxBh-XgWjoARZlz1iflbMsE"", ""name"": ""Aptos Street BBQ"", ""locality"": ""Aptos"", ""region"": ""California"", ""country"": ""United States"", ""address"": ""8059 Aptos St, Aptos, CA 95003, USA""}]","{""1"": 0, ""3"": 0, ""5"": 0}",0.5398999999999887,,0,0,read_only_retained_evidence,,"[{""name"": ""canonicalization_local_replay"", ""startMs"": 0.16020000000003165, ""endMs"": 0.42449999999996635}, {""name"": ""premium_policy_replay"", ""startMs"": 0.42689999999993233, ""endMs"": 0.4922000000000253}, {""name"": ""automatic_deep_and_finalizer_replay"", ""startMs"": 0.5045999999999822, ""endMs"": 0.532100000000014}]",deterministic_policy_replay,True,True,
winner,P02,group-16acf74d124a9b4d,TRAIN_DEVELOPMENT,real,UNVERIFIED,review,False,False,,,,1,0,,True,False,,,False,,False,HIGH,"[{""id"": ""ChIJvUH-h0Eh3YARm3aq4RiI5Sc"", ""name"": ""BLK Earth Sea Spirits"", ""locality"": ""Huntington Beach"", ""region"": ""California"", ""country"": ""United States"", ""address"": ""300 Pacific Coast Hwy Ste 202, Huntington Beach, CA 92648, USA""}]","[{""id"": ""ChIJvUH-h0Eh3YARm3aq4RiI5Sc"", ""name"": ""BLK Earth Sea Spirits"", ""locality"": ""Huntington Beach"", ""region"": ""California"", ""country"": ""United States"", ""address"": ""300 Pacific Coast Hwy Ste 202, Huntington Beach, CA 92648, USA""}]","{""1"": null, ""3"": null, ""5"": null}",0.3166999999999689,,0,0,read_only_retained_evidence,,"[{""name"": ""canonicalization_local_replay"", ""startMs"": 0.12599999999997635, ""endMs"": 0.2863999999999578}, {""name"": ""premium_policy_replay"", ""startMs"": 0.28759999999999764, ""endMs"": 0.2907999999999902}, {""name"": ""automatic_deep_and_finalizer_replay"", ""startMs"": 0.29740000000003874, ""endMs"": 0.3129000000000133}]",deterministic_policy_replay,True,False,
winner,P03,group-c994ecef8f751a78,TRAIN_DEVELOPMENT,real,UNVERIFIED,review,False,False,,,,1,0,,True,False,,,False,,False,HIGH,"[{""id"": ""ChIJSado-SVAjoARLJTf9JyolQE"", ""name"": ""Chocolate (Chocolate the Restaurant)"", ""locality"": ""Santa Cruz"", ""region"": ""California"", ""country"": ""United States"", ""address"": ""1522 Pacific Ave, Santa Cruz, CA 95060, USA""}]","[{""id"": ""ChIJSado-SVAjoARLJTf9JyolQE"", ""name"": ""Chocolate (Chocolate the Restaurant)"", ""locality"": ""Santa Cruz"", ""region"": ""California"", ""country"": ""United States"", ""address"": ""1522 Pacific Ave, Santa Cruz, CA 95060, USA""}]","{""1"": null, ""3"": null, ""5"": null}",0.3469000000000051,,0,0,read_only_retained_evidence,,"[{""name"": ""canonicalization_local_replay"", ""startMs"": 0.10789999999997235, ""endMs"": 0.27290000000004966}, {""name"": ""premium_policy_replay"", ""startMs"": 0.2740999999999758, ""endMs"": 0.31989999999996144}, {""name"": ""automatic_deep_and_finalizer_replay"", ""startMs"": 0.32730000000003656, ""endMs"": 0.3429999999999609}]",deterministic_policy_replay,True,False,
winner,P04,group-529f9d5e5ed6a6ca,TRAIN_DEVELOPMENT,real,UNVERIFIED,review,False,False,,,,2,0,,False,False,,,False,,False,HIGH,"[{""id"": ""ChIJ_xurk7bf3IARMf5rcv8wxJs"", ""name"": ""Mesa Verde Farmers Market (Farm Habit Mesa Verde)"", ""locality"": ""Costa Mesa"", ""region"": ""California"", ""country"": ""United States"", ""address"": ""1525 Mesa Verde Dr E, Costa Mesa, CA 92626, USA""}, {""id"": ""ChIJYRZbxcLf3IARboEvbUfAXRk"", ""name"": ""Deli Nerds"", ""locality"": ""Costa Mesa"", ""region"": ""California"", ""country"": ""United States"", ""address"": ""1525 Mesa Verde Dr E Ste 117, Costa Mesa, CA 92626, USA""}]","[{""id"": ""ChIJ_xurk7bf3IARMf5rcv8wxJs"", ""name"": ""Mesa Verde Farmers Market (Farm Habit Mesa Verde)"", ""locality"": ""Costa Mesa"", ""region"": ""California"", ""country"": ""United States"", ""address"": ""1525 Mesa Verde Dr E, Costa Mesa, CA 92626, USA""}, {""id"": ""ChIJYRZbxcLf3IARboEvbUfAXRk"", ""name"": ""Deli Nerds"", ""locality"": ""Costa Mesa"", ""region"": ""California"", ""country"": ""United States"", ""address"": ""1525 Mesa Verde Dr E Ste 117, Costa Mesa, CA 92626, USA""}]","{""1"": null, ""2"": null, ""3"": null, ""5"": null}",0.4115999999999076,,0,0,read_only_retained_evidence,,"[{""name"": ""canonicalization_local_replay"", ""startMs"": 0.12439999999992324, ""endMs"": 0.28499999999996817}, {""name"": ""premium_policy_replay"", ""startMs"": 0.286200000000008, ""endMs"": 0.2898999999999887}, {""name"": ""canonicalization_local_replay"", ""startMs"": 0.29369999999994434, ""endMs"": 0.3827999999999747}, {""name"": ""premium_policy_replay"", ""startMs"": 0.3833999999999378, ""endMs"": 0.3854999999999791}, {""name"": ""automatic_deep_and_finalizer_replay"", ""startMs"": 0.39179999999998927, ""endMs"": 0.4076999999999771}]",deterministic_policy_replay,True,False,
winner,P05,group-570d18a23470cca7,TRAIN_DEVELOPMENT,real,VERIFIED_EXACT_SINGLE,review,False,True,False,False,False,1,1,0,True,False,,,False,,False,HIGH,"[{""id"": null, ""name"": ""Orange County Greek Festival (OC Greek Fest) at St. John the Baptist Greek Orthodox Church"", ""locality"": ""Anaheim"", ""region"": ""California"", ""country"": ""United States"", ""address"": null}]","[{""id"": null, ""name"": ""Orange County Greek Festival (OC Greek Fest) at St. John the Baptist Greek Orthodox Church"", ""locality"": ""Anaheim"", ""region"": ""California"", ""country"": ""United States"", ""address"": null}]","{""1"": 0, ""3"": 0, ""5"": 0}",0.14210000000002765,,0,0,read_only_retained_evidence,,"[{""name"": ""premium_policy_replay"", ""startMs"": 0.11360000000001946, ""endMs"": 0.12479999999993652}, {""name"": ""automatic_deep_and_finalizer_replay"", ""startMs"": 0.13059999999995853, ""endMs"": 0.137299999999982}]",deterministic_policy_replay,True,True,
winner,P06,group-f5d98b10bd2d59d9,TRAIN_DEVELOPMENT,real,VERIFIED_EXACT_SINGLE,review,False,True,False,False,False,1,1,0,True,False,,,False,,False,HIGH,"[{""id"": ""ChIJ5cuORWom3YARPTjxELrS3ng"", ""name"": ""Biergarten at Old World Huntington Beach (Old World Village)"", ""locality"": ""Huntington Beach"", ""region"": ""California"", ""country"": ""United States"", ""address"": ""7561 Center Ave #49, Huntington Beach, CA 92647, USA""}]","[{""id"": ""ChIJ5cuORWom3YARPTjxELrS3ng"", ""name"": ""Biergarten at Old World Huntington Beach (Old World Village)"", ""locality"": ""Huntington Beach"", ""region"": ""California"", ""country"": ""United States"", ""address"": ""7561 Center Ave #49, Huntington Beach, CA 92647, USA""}]","{""1"": 0, ""3"": 0, ""5"": 0}",0.21659999999997126,,0,0,read_only_retained_evidence,,"[{""name"": ""premium_policy_replay"", ""startMs"": 0.11369999999999436, ""endMs"": 0.17579999999998108}, {""name"": ""automatic_deep_and_finalizer_replay"", ""startMs"": 0.18780000000003838, ""endMs"": 0.21249999999997726}]",deterministic_policy_replay,True,True,
winner,P07,group-6d972cde2ab759ee,TRAIN_DEVELOPMENT,real,UNVERIFIED,review,False,False,,,,1,0,,True,False,,,False,,False,HIGH,"[{""id"": ""ChIJU_ab-yIVjoAR5WIBCe7nKpE"", ""name"": ""The Point Market"", ""locality"": ""Santa Cruz"", ""region"": ""California"", ""country"": ""United States"", ""address"": ""23040 E Cliff Dr, Santa Cruz, CA 95062, USA""}]","[{""id"": ""ChIJU_ab-yIVjoAR5WIBCe7nKpE"", ""name"": ""The Point Market"", ""locality"": ""Santa Cruz"", ""region"": ""California"", ""country"": ""United States"", ""address"": ""23040 E Cliff Dr, Santa Cruz, CA 95062, USA""}]","{""1"": null, ""3"": null, ""5"": null}",0.29179999999996653,,0,0,read_only_retained_evidence,,"[{""name"": ""canonicalization_local_replay"", ""startMs"": 0.10550000000000637, ""endMs"": 0.248299999999972}, {""name"": ""premium_policy_replay"", ""startMs"": 0.24929999999994834, ""endMs"": 0.2617000000000189}, {""name"": ""automatic_deep_and_finalizer_replay"", ""startMs"": 0.2680000000000291, ""endMs"": 0.28769999999997253}]",deterministic_policy_replay,True,False,
winner,P08,group-24136a7c1da16b4b,TRAIN_DEVELOPMENT,real,UNVERIFIED,review,False,False,,,,1,0,,True,False,,,False,,False,HIGH,"[{""id"": ""ChIJnRX-2FJrjoARoeQkm8tJ08E"", ""name"": ""Seabright Deli"", ""locality"": ""Santa Cruz"", ""region"": ""California"", ""country"": ""United States"", ""address"": ""415 Seabright Ave, Santa Cruz, CA 95062, USA""}]","[{""id"": ""ChIJnRX-2FJrjoARoeQkm8tJ08E"", ""name"": ""Seabright Deli"", ""locality"": ""Santa Cruz"", ""region"": ""California"", ""country"": ""United States"", ""address"": ""415 Seabright Ave, Santa Cruz, CA 95062, USA""}]","{""1"": null, ""3"": null, ""5"": null}",0.3264000000000351,,0,0,read_only_retained_evidence,,"[{""name"": ""canonicalization_local_replay"", ""startMs"": 0.13139999999998508, ""endMs"": 0.29110000000002856}, {""name"": ""premium_policy_replay"", ""startMs"": 0.2923000000000684, ""endMs"": 0.29539999999997235}, {""name"": ""automatic_deep_and_finalizer_replay"", ""startMs"": 0.3020999999999958, ""endMs"": 0.3220999999999776}]",deterministic_policy_replay,True,False,
winner,P09,group-dc5c2523df8e2e36,TRAIN_DEVELOPMENT,real,UNVERIFIED,review,False,False,,,,1,0,,True,False,,,False,,False,MEDIUM,"[{""id"": ""ChIJ4SCfxshrjoARoXzvWT_38_I"", ""name"": ""Tacos El Chuy food truck"", ""locality"": ""Santa Cruz"", ""region"": ""California"", ""country"": ""United States"", ""address"": ""402 Ingalls St, Santa Cruz, CA 95060, USA""}]","[{""id"": ""ChIJ4SCfxshrjoARoXzvWT_38_I"", ""name"": ""Tacos El Chuy food truck"", ""locality"": ""Santa Cruz"", ""region"": ""California"", ""country"": ""United States"", ""address"": ""402 Ingalls St, Santa Cruz, CA 95060, USA""}]","{""1"": null, ""3"": null, ""5"": null}",0.49059999999997217,,0,0,read_only_retained_evidence,,"[{""name"": ""canonicalization_local_replay"", ""startMs"": 0.15629999999998745, ""endMs"": 0.43229999999994106}, {""name"": ""premium_policy_replay"", ""startMs"": 0.43489999999997053, ""endMs"": 0.4397000000000162}, {""name"": ""automatic_deep_and_finalizer_replay"", ""startMs"": 0.45719999999994343, ""endMs"": 0.48479999999995016}]",deterministic_policy_replay,True,False,
winner,R03,group-ab36036ef4ff0a20,TRAIN_DEVELOPMENT,real,UNVERIFIED,review,False,False,,,,1,0,,True,False,,,False,,False,HIGH,"[{""id"": ""ChIJebCqymldv1QR2ivpC1qxzWI"", ""name"": ""Tamolitch Blue Pool (Tamolitch Falls)"", ""locality"": ""McKenzie Bridge"", ""region"": ""Oregon"", ""country"": ""United States"", ""address"": ""National Forest Road 2672-655, McKenzie Bridge, OR 97413, USA""}]","[{""id"": ""ChIJebCqymldv1QR2ivpC1qxzWI"", ""name"": ""Tamolitch Blue Pool (Tamolitch Falls)"", ""locality"": ""McKenzie Bridge"", ""region"": ""Oregon"", ""country"": ""United States"", ""address"": ""National Forest Road 2672-655, McKenzie Bridge, OR 97413, USA""}]","{""1"": null, ""3"": null, ""5"": null}",0.5862999999999374,,0,0,read_only_retained_evidence,,"[{""name"": ""canonicalization_local_replay"", ""startMs"": 0.20309999999994943, ""endMs"": 0.5325000000000273}, {""name"": ""premium_policy_replay"", ""startMs"": 0.5354999999999563, ""endMs"": 0.5413999999999533}, {""name"": ""automatic_deep_and_finalizer_replay"", ""startMs"": 0.5511999999999944, ""endMs"": 0.5810999999999922}]",deterministic_policy_replay,True,False,
winner,R04,group-330dd1decd033bba,TRAIN_DEVELOPMENT,real,UNVERIFIED,review,False,False,,,,1,0,,True,False,,,False,,False,MEDIUM,"[{""id"": null, ""name"": ""Dorset Marble Quarry (Norcross-West Marble Quarry)"", ""locality"": ""Dorset"", ""region"": ""Vermont"", ""country"": ""United States"", ""address"": null}]","[{""id"": null, ""name"": ""Dorset Marble Quarry (Norcross-West Marble Quarry)"", ""locality"": ""Dorset"", ""region"": ""Vermont"", ""country"": ""United States"", ""address"": null}]","{""1"": null, ""3"": null, ""5"": null}",0.626700000000028,,0,0,read_only_retained_evidence,,"[{""name"": ""canonicalization_local_replay"", ""startMs"": 0.16020000000003165, ""endMs"": 0.5967000000000553}, {""name"": ""premium_policy_replay"", ""startMs"": 0.5991999999999962, ""endMs"": 0.6058000000000447}, {""name"": ""automatic_deep_and_finalizer_replay"", ""startMs"": 0.615099999999984, ""endMs"": 0.6194000000000415}]",deterministic_policy_replay,True,False,
winner,R05,group-1444962ff685397f,TRAIN_DEVELOPMENT,real,UNVERIFIED,review,False,False,,,,1,0,,True,False,,,False,,False,HIGH,"[{""id"": ""ChIJTQwskQWEbm0RMTFAiStkGl8"", ""name"": ""Okere Falls Scenic Reserve (Kaituna River)"", ""locality"": ""Okere Falls"", ""region"": ""Bay of Plenty"", ""country"": ""New Zealand"", ""address"": ""9 Trout Pool Road, Okere Falls 3074, New Zealand""}]","[{""id"": ""ChIJTQwskQWEbm0RMTFAiStkGl8"", ""name"": ""Okere Falls Scenic Reserve (Kaituna River)"", ""locality"": ""Okere Falls"", ""region"": ""Bay of Plenty"", ""country"": ""New Zealand"", ""address"": ""9 Trout Pool Road, Okere Falls 3074, New Zealand""}, {""id"": ""ChIJ-S7PTQKEbm0RYIRljW37IeA"", ""name"": ""Tutea Falls"", ""locality"": ""Okere Falls"", ""region"": ""Bay of Plenty"", ""country"": ""New Zealand"", ""address"": ""103 Trout Pool Road, Okere Falls 3074, New Zealand""}, {""id"": ""ChIJnaR98wGEbm0RDKp82Kq1-6c"", ""name"": ""Trout Pool Falls"", ""locality"": ""Okere Falls"", ""region"": ""Bay of Plenty"", ""country"": ""New Zealand"", ""address"": ""Okere Falls 3074, New Zealand""}]","{""1"": null, ""3"": null, ""5"": null}",0.5738999999999805,,0,0,read_only_retained_evidence,,"[{""name"": ""canonicalization_local_replay"", ""startMs"": 0.22090000000002874, ""endMs"": 0.41279999999994743}, {""name"": ""canonicalization_local_replay"", ""startMs"": 0.42229999999995016, ""endMs"": 0.5283999999999196}, {""name"": ""premium_policy_replay"", ""startMs"": 0.5294000000000096, ""endMs"": 0.5343000000000302}, {""name"": ""automatic_deep_and_finalizer_replay"", ""startMs"": 0.5439999999999827, ""endMs"": 0.5688000000000102}]",deterministic_policy_replay,True,False,
winner,R08,group-bda7ec4bbac58dc5,TRAIN_DEVELOPMENT,real,VERIFIED_EXACT_SINGLE,review,False,True,False,False,False,1,1,0,True,False,,,False,,False,MEDIUM,"[{""id"": null, ""name"": ""Moku Nui, Mokulua Islands"", ""locality"": ""Kailua"", ""region"": ""Hawaii"", ""country"": ""United States"", ""address"": null}]","[{""id"": null, ""name"": ""Moku Nui, Mokulua Islands"", ""locality"": ""Kailua"", ""region"": ""Hawaii"", ""country"": ""United States"", ""address"": null}, {""id"": ""ChIJwx-q1FEUAHwRoyqaD18fq38"", ""name"": ""Queen's Bath cliff-jumping cove, Moku Nui"", ""locality"": ""Kailua"", ""region"": ""Hawaii"", ""country"": ""United States"", ""address"": ""Moku Nui, Hawaii 96734, USA""}]","{""1"": 0, ""2"": 0, ""3"": 0, ""5"": 0}",0.25930000000005293,,0,0,read_only_retained_evidence,,"[{""name"": ""premium_policy_replay"", ""startMs"": 0.1896000000000413, ""endMs"": 0.21440000000006876}, {""name"": ""automatic_deep_and_finalizer_replay"", ""startMs"": 0.22699999999997544, ""endMs"": 0.2545999999999822}]",deterministic_policy_replay,True,True,
winner,S01,group-24136a7c1da16b4b,TRAIN_DEVELOPMENT,real,VERIFIED_EXACT_SINGLE,review,False,True,True,False,True,1,1,1,True,False,,,False,,False,HIGH,"[{""id"": ""ChIJnRX-2FJrjoARoeQkm8tJ08E"", ""name"": ""Seabright Deli"", ""locality"": ""Santa Cruz"", ""region"": ""California"", ""country"": ""United States"", ""address"": ""415 Seabright Ave, Santa Cruz, CA 95062, USA""}]","[{""id"": ""ChIJnRX-2FJrjoARoeQkm8tJ08E"", ""name"": ""Seabright Deli"", ""locality"": ""Santa Cruz"", ""region"": ""California"", ""country"": ""United States"", ""address"": ""415 Seabright Ave, Santa Cruz, CA 95062, USA""}]","{""1"": 1, ""3"": 1, ""5"": 1}",0.38010000000008404,0.38010000000008404,0,0,read_only_retained_evidence,,"[{""name"": ""canonicalization_local_replay"", ""startMs"": 0.11910000000000309, ""endMs"": 0.34199999999998454}, {""name"": ""premium_policy_replay"", ""startMs"": 0.3442000000000007, ""endMs"": 0.3486000000000331}, {""name"": ""automatic_deep_and_finalizer_replay"", ""startMs"": 0.35530000000005657, ""endMs"": 0.375}]",deterministic_policy_replay,True,True,
winner,S06,group-24136a7c1da16b4b,TRAIN_DEVELOPMENT,real,UNVERIFIED,review,False,False,,,,1,0,,True,False,,,False,,False,HIGH,"[{""id"": ""ChIJnRX-2FJrjoARoeQkm8tJ08E"", ""name"": ""Seabright Deli"", ""locality"": ""Santa Cruz"", ""region"": ""California"", ""country"": ""United States"", ""address"": ""415 Seabright Ave, Santa Cruz, CA 95062, USA""}]","[{""id"": ""ChIJnRX-2FJrjoARoeQkm8tJ08E"", ""name"": ""Seabright Deli"", ""locality"": ""Santa Cruz"", ""region"": ""California"", ""country"": ""United States"", ""address"": ""415 Seabright Ave, Santa Cruz, CA 95062, USA""}]","{""1"": null, ""3"": null, ""5"": null}",0.26749999999992724,,0,0,read_only_retained_evidence,,"[{""name"": ""canonicalization_local_replay"", ""startMs"": 0.09859999999991942, ""endMs"": 0.20059999999989486}, {""name"": ""premium_policy_replay"", ""startMs"": 0.2018999999999096, ""endMs"": 0.23859999999990578}, {""name"": ""automatic_deep_and_finalizer_replay"", ""startMs"": 0.24539999999990414, ""endMs"": 0.2635999999999967}]",deterministic_policy_replay,True,False,
winner,V02,group-14be013e815b69d5,TRAIN_DEVELOPMENT,real,VERIFIED_EXACT_SINGLE,review,False,True,True,False,True,1,1,1,True,False,,,False,,False,HIGH,"[{""id"": ""ChIJ3dEbnTMh3YARhAvz8VeCxJg"", ""name"": ""Capone's Cucina"", ""locality"": ""Huntington Beach"", ""region"": ""California"", ""country"": ""United States"", ""address"": ""19688 Beach Blvd #10, Huntington Beach, CA 92648, USA""}]","[{""id"": ""ChIJ3dEbnTMh3YARhAvz8VeCxJg"", ""name"": ""Capone's Cucina"", ""locality"": ""Huntington Beach"", ""region"": ""California"", ""country"": ""United States"", ""address"": ""19688 Beach Blvd #10, Huntington Beach, CA 92648, USA""}]","{""1"": 1, ""3"": 1, ""5"": 1}",0.2601000000000795,0.2601000000000795,0,0,read_only_retained_evidence,,"[{""name"": ""canonicalization_local_replay"", ""startMs"": 0.10230000000001382, ""endMs"": 0.2300999999999931}, {""name"": ""premium_policy_replay"", ""startMs"": 0.23120000000005803, ""endMs"": 0.23500000000001364}, {""name"": ""automatic_deep_and_finalizer_replay"", ""startMs"": 0.24070000000006075, ""endMs"": 0.2560000000000855}]",deterministic_policy_replay,True,True,
winner,V03,group-f4e6989385ff9927,TRAIN_DEVELOPMENT,real,VERIFIED_EXACT_SINGLE,review,False,True,True,False,True,1,1,1,True,False,,,False,,False,HIGH,"[{""id"": ""ChIJmTMMbfBUUCERzikg7fC87Aw"", ""name"": ""Brooklyn City Pizzeria & Market"", ""locality"": ""Laguna Niguel"", ""region"": ""California"", ""country"": ""United States"", ""address"": ""30012 Crown Valley Pkwy Ste l, Laguna Niguel, CA 92677, USA""}]","[{""id"": ""ChIJmTMMbfBUUCERzikg7fC87Aw"", ""name"": ""Brooklyn City Pizzeria & Market"", ""locality"": ""Laguna Niguel"", ""region"": ""California"", ""country"": ""United States"", ""address"": ""30012 Crown Valley Pkwy Ste l, Laguna Niguel, CA 92677, USA""}]","{""1"": 1, ""3"": 1, ""5"": 1}",0.22940000000005512,0.22940000000005512,0,0,read_only_retained_evidence,,"[{""name"": ""canonicalization_local_replay"", ""startMs"": 0.09410000000002583, ""endMs"": 0.20510000000001583}, {""name"": ""premium_policy_replay"", ""startMs"": 0.20590000000004238, ""endMs"": 0.20870000000002165}, {""name"": ""automatic_deep_and_finalizer_replay"", ""startMs"": 0.21330000000000382, ""endMs"": 0.22649999999998727}]",deterministic_policy_replay,True,True,
winner,V04,group-c18d19d9d33cc24e,TRAIN_DEVELOPMENT,real,UNVERIFIED,review,False,False,,,,1,0,,True,False,,,False,,False,HIGH,"[{""id"": null, ""name"": ""Hellfire Bay"", ""locality"": ""Esperance"", ""region"": ""Western Australia"", ""country"": ""Australia"", ""address"": null}]","[{""id"": null, ""name"": ""Hellfire Bay"", ""locality"": ""Esperance"", ""region"": ""Western Australia"", ""country"": ""Australia"", ""address"": null}]","{""1"": null, ""3"": null, ""5"": null}",0.6191000000000031,,0,0,read_only_retained_evidence,,"[{""name"": ""canonicalization_local_replay"", ""startMs"": 0.13779999999997017, ""endMs"": 0.5848999999999478}, {""name"": ""premium_policy_replay"", ""startMs"": 0.5878999999999905, ""endMs"": 0.5939999999999372}, {""name"": ""automatic_deep_and_finalizer_replay"", ""startMs"": 0.6032999999999902, ""endMs"": 0.6078999999999724}]",deterministic_policy_replay,True,False,
winner,V05,group-9ab4b3b17d7ebfe6,TRAIN_DEVELOPMENT,real,VERIFIED_EXACT_SINGLE,review,False,True,True,False,True,1,1,1,True,False,,,False,,False,HIGH,"[{""id"": ""ChIJl25h7GXf3IAR6OBs3e4cxrM"", ""name"": ""Paradise Dynasty at South Coast Plaza"", ""locality"": ""Costa Mesa"", ""region"": ""California"", ""country"": ""United States"", ""address"": ""3333 Bristol Street, BLM, 1 Bloomingdale's, Costa Mesa, CA 92626, USA""}]","[{""id"": ""ChIJl25h7GXf3IAR6OBs3e4cxrM"", ""name"": ""Paradise Dynasty at South Coast Plaza"", ""locality"": ""Costa Mesa"", ""region"": ""California"", ""country"": ""United States"", ""address"": ""3333 Bristol Street, BLM, 1 Bloomingdale's, Costa Mesa, CA 92626, USA""}, {""id"": ""ChIJ__9LYP7AwoARbUN-XY5iVDs"", ""name"": ""Paradise Dynasty at The Americana at Brand"", ""locality"": ""Glendale"", ""region"": ""California"", ""country"": ""United States"", ""address"": ""177 Caruso Ave, Glendale, CA 91210, USA""}]","{""1"": 1, ""2"": 1, ""3"": 1, ""5"": 1}",0.43860000000006494,0.43860000000006494,0,0,read_only_retained_evidence,,"[{""name"": ""canonicalization_local_replay"", ""startMs"": 0.1310000000000855, ""endMs"": 0.30910000000005766}, {""name"": ""canonicalization_local_replay"", ""startMs"": 0.3128000000000384, ""endMs"": 0.4071999999999889}, {""name"": ""premium_policy_replay"", ""startMs"": 0.40809999999999036, ""endMs"": 0.4109000000000833}, {""name"": ""automatic_deep_and_finalizer_replay"", ""startMs"": 0.41700000000003, ""endMs"": 0.43479999999999563}]",deterministic_policy_replay,True,True,
