strategy,variant,implementation_state,runtime_default,measurement_state,boundary,real_source_count,observation_count,exact_labeled_submissions,verified_real_multi_submissions,control_count,metric,numerator,denominator,value,p50_ms,p75_ms,p90_ms,p95_ms,paid_experiment_usd,comparator,decision,evidence_artifacts,limitations
BASELINE,baseline_repaired,frozen_executable_policy,baseline_reference,MEASURED_CONDITIONAL_REPLAY,deterministic_policy_replay,31,31,15,0,,correct_autonomous_resolution,0,15,0,0.18829999999979918,0.364400000000046,0.8641999999999825,1.6038999999999533,0,,Immutable repaired reference; not weaker Production comparator,runs/baseline_repaired/run.json;runs/baseline_repaired/scores.json;runs/baseline_repaired/baseline_results.csv,Conditional after deep escalation; all31 REVIEW; strict candidate top1=9/15 with5 alias inconclusives; source acquisition/model inference not rerun; source-policy microtiming is not time to correct result; autonomous precision undefined; genuinely unseen recognition cases0
BASELINE,safety_semantic_controls,implemented_repair,on,MEASURED_CONTROL,synthetic_policy_controls,0,33,0,0,33,expected_policy_result,33,33,1,,,,,0,,Safety prerequisites; no claimed video accuracy gain,safety-replay-results.json;SAFETY_SEMANTIC_DIFF.md,7 actual historical Production helper differences;26 other controls; synthetic inputs never exact-place corpus
A,batched_hash_development,implemented,on,MEASURED_MEDIA_PARITY,local_frame_preparation_development,16,16,,,,exact_frame_hash_and_selection_parity,16,16,1.0,4874.977949999993,5426.068700000003,6063.304399999995,6966.170674999994,0,"baseline_repaired development p50/p75/p90/p95_ms=6469.05,7668.864,8711.463,8949.777",Selected evidence-preserving media optimization,MEDIA_METRICS.json;MEDIA_PIPELINE_BENCHMARK.md;MEDIA_WINNER_FREEZE.json;media_manifest.json,No downstream model inference or exact-place accuracy arm; frame holdout is unseen optimization outcomes only. Calibration p95 worsens7.6%; heldout n4 p90 reduces28.2%. Different cohorts must not be pooled as independent repeated sources.
A,batched_hash_calibration,implemented,on,MEASURED_MEDIA_PARITY,local_frame_preparation_calibration,4,8,,,,exact_frame_hash_and_selection_parity,8,8,1.0,3897.181900000003,5477.378999999999,8359.709879999997,10248.048289999995,0,"baseline_repaired calibration p50/p75/p90/p95_ms=5546.885,7951.323,9408.854,9522.71",Selected evidence-preserving media optimization,MEDIA_METRICS.json;MEDIA_PIPELINE_BENCHMARK.md;MEDIA_WINNER_FREEZE.json;media_manifest.json,No downstream model inference or exact-place accuracy arm; frame holdout is unseen optimization outcomes only. Calibration p95 worsens7.6%; heldout n4 p90 reduces28.2%. Different cohorts must not be pooled as independent repeated sources.
A,batched_hash_held_out,implemented,on,MEASURED_MEDIA_PARITY,local_frame_preparation_held_out,4,4,,,,exact_frame_hash_and_selection_parity,4,4,1.0,4032.363450000002,5001.119850000004,5079.102960000002,5105.097330000001,0,"baseline_repaired held_out p50/p75/p90/p95_ms=6056.391,6916.91,7076.205,7129.303",Selected evidence-preserving media optimization,MEDIA_METRICS.json;MEDIA_PIPELINE_BENCHMARK.md;MEDIA_WINNER_FREEZE.json;media_manifest.json,No downstream model inference or exact-place accuracy arm; frame holdout is unseen optimization outcomes only. Calibration p95 worsens7.6%; heldout n4 p90 reduces28.2%. Different cohorts must not be pooled as independent repeated sources.
A,single_decode_eval,eval_only,off,MEASURED_REJECTED,local_frame_preparation_development,16,16,,,,successful_exact_evidence_parity,13,16,0.8125,6623.079700000002,8069.068100000004,11587.340260000015,15316.268979999997,0,baseline_repaired development p90_ms=8711.46285,REJECTED:3 failures and worse successful-source tail,MEDIA_METRICS.json;MEDIA_PIPELINE_BENCHMARK.md,Latency quantiles exclude3 failures and use13 successes; failures remain in denominator and raw evidence
B,scene_quality_diversity_frame_budgets_4_6_8_12,not_promoted,off,UNAVAILABLE_NOT_RUN,no_fresh_recognition_ablation,,,,,,exact_and_multi_recall_non_regression,,,,,,,,0,,Retain existing temporal diversity and24-frame maximum,MEDIA_PIPELINE_BENCHMARK.md,No paired model or verified temporal multi-place experiment for smaller budgets; scene/sharpness/text/embedding salience gains unmeasured; no unsupported accuracy-neutral reduction claimed
C,baseline_repaired,implemented,reference,MEASURED_CONTROL,synthetic_fixed_1000ms_asr_wait_plus_local_media,0,3,,,3,identical_audio_transcript_frame_evidence,3,3,1,2396.865700000002,2895.573650000001,3194.7984200000005,3294.5400100000006,0,baseline_repaired synthetic scheduling,Parallel mechanism qualified; parallel default remains off,MEDIA_METRICS.json;media_preparation_controls.json;MEDIA_PIPELINE_BENCHMARK.md,One generated four-second source;3 repetitions per arm; transcript and ASR delay simulated; no actual provider or shared-worker resource latency prediction
C,batched_hash,implemented,on,MEASURED_CONTROL,synthetic_fixed_1000ms_asr_wait_plus_local_media,0,3,,,3,identical_audio_transcript_frame_evidence,3,3,1,1802.3932,1942.7377000000004,2026.9444000000005,2055.0133000000005,0,baseline_repaired synthetic scheduling,Parallel mechanism qualified; parallel default remains off,MEDIA_METRICS.json;media_preparation_controls.json;MEDIA_PIPELINE_BENCHMARK.md,One generated four-second source;3 repetitions per arm; transcript and ASR delay simulated; no actual provider or shared-worker resource latency prediction
C,parallel_media,implemented_optional_parallel,off,MEASURED_CONTROL,synthetic_fixed_1000ms_asr_wait_plus_local_media,0,3,,,3,identical_audio_transcript_frame_evidence,3,3,1,1316.716199999999,1406.8287999999993,1460.8963599999995,1478.9188799999997,0,baseline_repaired synthetic scheduling,Parallel mechanism qualified; parallel default remains off,MEDIA_METRICS.json;media_preparation_controls.json;MEDIA_PIPELINE_BENCHMARK.md,One generated four-second source;3 repetitions per arm; transcript and ASR delay simulated; no actual provider or shared-worker resource latency prediction
C,batch_parallel,implemented_optional_parallel,off,MEASURED_CONTROL,synthetic_fixed_1000ms_asr_wait_plus_local_media,0,3,,,3,identical_audio_transcript_frame_evidence,3,3,1,1096.4465999999993,1102.4231999999997,1106.00916,1107.20448,0,baseline_repaired synthetic scheduling,Parallel mechanism qualified; parallel default remains off,MEDIA_METRICS.json;media_preparation_controls.json;MEDIA_PIPELINE_BENCHMARK.md,One generated four-second source;3 repetitions per arm; transcript and ASR delay simulated; no actual provider or shared-worker resource latency prediction
D,asr_router_and_whisper_vs_gpt_transcribe,migration_contract_documented,existing_provider,UNAVAILABLE_NOT_RUN,no_paired_provider_audio_truth,,,,,,proper_noun_and_decision_contribution_accuracy,,,,,,,,0,,Keep platform subtitle preference and configured provider; no VAD/music skip introduced,ASR_EXPERIMENT.md,No paid calls; actual ASR latency/name recall/decision contribution unavailable; format/timestamps must qualify before replacement; bounded future proposal included in global50USDcap
E,easyocr_local_reading_controls,eval_only,off,MEASURED_CONTROL,synthetic_text_reading_not_place_identity,0,6,,,6,exact_expected_text_reading,6,6,1.0,,,,,0,,Keep eval-only; confident PRADA/overlay reads cannot authorize venue identity,OCR_PLAN.json;ocr_pilot_results.json;OCR_EXPERIMENT.md,Synthetic rendered signs/overlays/clothing; no real-scene recognition accuracy; runtime remainsNoopOcr; provenance-bearing selective gate not integrated
E,easyocr_existing_real_frames,eval_only,off,MEASURED_UNADJUDICATED,local_real_frame_ocr,3,4,0,,,real_ocr_text_accuracy,,,,,,,,0,,Real outputs retained without fabricated expected text,ocr_pilot_results.json;OCR_EXPERIMENT.md,4frames from3sources; MadYolks partial/noisy text; Griffith/Dettifoss selected frames yield no text; no downstream place benefit established
F,places_serial,implemented,evaluation_seam,MEASURED_MOCK_TRANSPORT,retained_query_workload_fixed_5ms_transport,31,160,,,,ordered_response_projection_parity,160,160,1,16.771350000000666,30.000500000000102,50.56391999999995,66.69735499999965,0,serial same32historicalattempts repeated5times,Bounded3 selected; memoization mechanism retained,evidence/places/places-session-benchmark.json;PLACES_QUERY_EXPERIMENT.md,32attempts/31unique sources;40logical queries and40mock requests per workload in every arm;5repeats mean200mock requests per arm; zero duplicate savings; timings not live provider; projections do not reconstruct every rejected provider object
F,places_memoized,implemented,evaluation_seam,MEASURED_MOCK_TRANSPORT,retained_query_workload_fixed_5ms_transport,31,160,,,,ordered_response_projection_parity,160,160,1,17.477349999999774,30.67552500000005,49.21380000000007,69.93384999999984,0,serial same32historicalattempts repeated5times,Bounded3 selected; memoization mechanism retained,evidence/places/places-session-benchmark.json;PLACES_QUERY_EXPERIMENT.md,32attempts/31unique sources;40logical queries and40mock requests per workload in every arm;5repeats mean200mock requests per arm; zero duplicate savings; timings not live provider; projections do not reconstruct every rejected provider object
F,places_bounded,implemented,on,MEASURED_MOCK_TRANSPORT,retained_query_workload_fixed_5ms_transport,31,160,,,,ordered_response_projection_parity,160,160,1,15.918900000000463,20.232674999999972,30.719960000000437,49.597065000000015,0,serial same32historicalattempts repeated5times,Bounded3 selected; memoization mechanism retained,evidence/places/places-session-benchmark.json;PLACES_QUERY_EXPERIMENT.md,32attempts/31unique sources;40logical queries and40mock requests per workload in every arm;5repeats mean200mock requests per arm; zero duplicate savings; timings not live provider; projections do not reconstruct every rejected provider object
G,retained_final_candidates_recall_at_1,existing_generation_measured,unchanged,MEASURED_CONDITIONAL_REPLAY,post_canonicalization_retained_final_candidates,31,15,15,0,,strict_candidate_recall_at_1,9,15,0.6,,,,,0,,No new candidate generator selected,runs/baseline_repaired/scores.json;runs/baseline_repaired/observations;RECOGNITION_OPTIMIZATION_BASELINE.md,"N12cases=1,N3cases=2; broader31cases counts25with1,4with2,2with3. Five strict alias inconclusives and one verified wrong branch; do not infer six known absent-place failures. Complete pre-canonicalization recall unavailable; no new candidate-source ablation."
G,retained_final_candidates_recall_at_3,existing_generation_measured,unchanged,MEASURED_CONDITIONAL_REPLAY,post_canonicalization_retained_final_candidates,31,15,15,0,,strict_candidate_recall_at_3,9,15,0.6,,,,,0,,No new candidate generator selected,runs/baseline_repaired/scores.json;runs/baseline_repaired/observations;RECOGNITION_OPTIMIZATION_BASELINE.md,"N12cases=1,N3cases=2; broader31cases counts25with1,4with2,2with3. Five strict alias inconclusives and one verified wrong branch; do not infer six known absent-place failures. Complete pre-canonicalization recall unavailable; no new candidate-source ablation."
G,retained_final_candidates_recall_at_5,existing_generation_measured,unchanged,MEASURED_CONDITIONAL_REPLAY,post_canonicalization_retained_final_candidates,31,15,15,0,,strict_candidate_recall_at_5,9,15,0.6,,,,,0,,No new candidate generator selected,runs/baseline_repaired/scores.json;runs/baseline_repaired/observations;RECOGNITION_OPTIMIZATION_BASELINE.md,"N12cases=1,N3cases=2; broader31cases counts25with1,4with2,2with3. Five strict alias inconclusives and one verified wrong branch; do not infer six known absent-place failures. Complete pre-canonicalization recall unavailable; no new candidate-source ablation."
G,retained_final_candidates_recall_at_N,existing_generation_measured,unchanged,MEASURED_CONDITIONAL_REPLAY,post_canonicalization_retained_final_candidates,31,15,15,0,,strict_candidate_recall_at_N,9,15,0.6,,,,,0,,No new candidate generator selected,runs/baseline_repaired/scores.json;runs/baseline_repaired/observations;RECOGNITION_OPTIMIZATION_BASELINE.md,"N12cases=1,N3cases=2; broader31cases counts25with1,4with2,2with3. Five strict alias inconclusives and one verified wrong branch; do not infer six known absent-place failures. Complete pre-canonicalization recall unavailable; no new candidate-source ablation."
H,evidence_router_v1_shadow,implemented_shadow,off,MEASURED_CONTROL,explicit_feature_policy_controls,0,12,0,0,12,router_contracts,12,12,1,,,,,0,,Keep deterministic shadow classifier; authorizesAutosave=false,ROUTING_EXPERIMENT.md;services/media-worker/tests/evidenceRouter.test.ts,No live dispatch import; routing frequency/accuracy/cost and faster-route parity unmeasured; historical feature classification would invent absent raw metadata
I,alternate_deep_escalation_or_sol_replacement,existing_policy_retained,unchanged,UNAVAILABLE_NOT_RUN,no_fresh_model_policy_comparison,,,,,,sol_call_reduction_at_equal_exact_autonomy,,,,,,,,0,,Do not disable/replace Sol on selected historical latency,ROUTING_EXPERIMENT.md;REJECTED_EXPERIMENTS.md,Post-deep corpus cannot estimate ordinary escalation rate; no adjudicated per-reason contribution/cheap-model replacement arm; conservative incomplete-multi escalation repair is a safety prerequisite
J,cooperative_cancellation_and_claim_fences,implemented,on,LOCAL_CONTRACTS_MEASURED_LIVE_SAVINGS_UNAVAILABLE,unit_controls_and_isolated_local_postgresql,,,,,,avoided_live_provider_calls,,,,,,,,0,,Keep task-attempt/lock fences and atomic ordinary write boundaries,SAFETY_SEMANTIC_DIFF.md;FOUNDER_QA_PLAN.md,No live avoided-call or billed-spend fraction measured; active provider transport may finish; per-candidate transaction not whole multi-set; supplemental completed-parent path and historical billing retry gap explicitly narrower
K,multi_place_complete_set_recovery,conservative_repair_existing_pipeline,on,UNAVAILABLE_REAL_POSITIVE_TRUTH,no_verified_complete_real_multi_set,31,0,15,0,,real_multi_detection_recall_precision_recall_f1_exact_set,,0,,,,,,0,,Preserve review/escalation for broad or partial sibling evidence,MULTI_PLACE_EVALUATION.md;policy-replay-dataset/labels.json;runs/baseline_repaired/scores.json;ROUTING_EXPERIMENT.md,Verified positive detectionN=0; all15verified single negative flags correct15/15. Raw historical agreement30/31 includes16unverified singles and is not multi detection recall.2constructed composites are excluded; no new temporal segmentation/scene hypothesis benchmark.
L,persistent_evidence_and_repost_cache,not_activated,off,UNAVAILABLE_NOT_RUN,no_cross_platform_reuse_benchmark,,,,,,repost_hit_rate_and_saved_processing_cost,,,,,,,,0,,Only reuse existing job frames and per-execution Places evidence; answer cache suspended,EVIDENCE_CACHE_EXPERIMENT.md;REJECTED_EXPERIMENTS.md,Manual source grouping is not a general repost detector; rights/retention/byte identity/access partition/correction invalidation unqualified for new shared cache
M,eigenplaces_same_video_temporal_control_global,eval_only,off,MEASURED_LOCALITY_RETRIEVAL,descriptor_retrieval_same_video_temporal_control,10,10,0,0,,locality_recall_at_1,10,10,1.0,,,,,0,,Not qualified for runtime identity authorization,evidence/retrieval-pilot-results.json;RETRIEVAL_EXPERIMENT.md;RETRIEVAL_PILOT_PLAN.json,Recall@3=10/10;Recall@5=10/10.30reference frames/10locality groups;4other-source queries from2related groups; LaJolla exact labels quarantined. Country prior supplied from catalog; same-video10/10 is repetition only. MegaLoc/SigLIP2 not run.
M,eigenplaces_same_video_temporal_control_country,eval_only,off,MEASURED_LOCALITY_RETRIEVAL,descriptor_retrieval_same_video_temporal_control,10,10,0,0,,locality_recall_at_1,10,10,1.0,,,,,0,,Not qualified for runtime identity authorization,evidence/retrieval-pilot-results.json;RETRIEVAL_EXPERIMENT.md;RETRIEVAL_PILOT_PLAN.json,Recall@3=10/10;Recall@5=10/10.30reference frames/10locality groups;4other-source queries from2related groups; LaJolla exact labels quarantined. Country prior supplied from catalog; same-video10/10 is repetition only. MegaLoc/SigLIP2 not run.
M,eigenplaces_independent_source_locality_global,eval_only,off,MEASURED_LOCALITY_RETRIEVAL,descriptor_retrieval_independent_source_locality,2,4,0,0,,locality_recall_at_1,2,4,0.5,,,,,0,,Not qualified for runtime identity authorization,evidence/retrieval-pilot-results.json;RETRIEVAL_EXPERIMENT.md;RETRIEVAL_PILOT_PLAN.json,Recall@3=4/4;Recall@5=4/4.30reference frames/10locality groups;4other-source queries from2related groups; LaJolla exact labels quarantined. Country prior supplied from catalog; same-video10/10 is repetition only. MegaLoc/SigLIP2 not run.
M,eigenplaces_independent_source_locality_country,eval_only,off,MEASURED_LOCALITY_RETRIEVAL,descriptor_retrieval_independent_source_locality,2,4,0,0,,locality_recall_at_1,2,4,0.5,,,,,0,,Not qualified for runtime identity authorization,evidence/retrieval-pilot-results.json;RETRIEVAL_EXPERIMENT.md;RETRIEVAL_PILOT_PLAN.json,Recall@3=4/4;Recall@5=4/4.30reference frames/10locality groups;4other-source queries from2related groups; LaJolla exact labels quarantined. Country prior supplied from catalog; same-video10/10 is repetition only. MegaLoc/SigLIP2 not run.
N,disk_lightglue_all,eval_only,off,MEASURED_REJECTED,top3_locality_geometric_correspondence_all,,36,0,0,,false_overlap_support_on_different_locality,3,22,0.13636363636363635,,,,,0,,REJECTED for automatic identity verification,evidence/retrieval-pilot-results.json;RETRIEVAL_PILOT_PLAN.json;RETRIEVAL_EXPERIMENT.md,True positive overlap=11/14; frozen>=8inliers and>=0.2ratio; locality truth is not exactPOI truth; repeated water/rock texture creates false correspondences; no post-output tuning
N,disk_lightglue_independent_source_locality,eval_only,off,MEASURED_REJECTED,top3_locality_geometric_correspondence_independent_source_locality,,12,0,0,,false_overlap_support_on_different_locality,1,8,0.125,,,,,0,,REJECTED for automatic identity verification,evidence/retrieval-pilot-results.json;RETRIEVAL_PILOT_PLAN.json;RETRIEVAL_EXPERIMENT.md,True positive overlap=2/4; frozen>=8inliers and>=0.2ratio; locality truth is not exactPOI truth; repeated water/rock texture creates false correspondences; no post-output tuning
OPTIONAL,supplementary_poi_sources,not_added,off,UNAVAILABLE_NOT_RUN,no_established_absent_poi_gap,,,,,,incremental_exact_candidate_recall,,,,,,,,0,,Do not add another provider without demonstrated recall gap,PLACES_QUERY_EXPERIMENT.md;REJECTED_EXPERIMENTS.md,OSM/Overture/Wikidata arms not executed; no claimed superiority to Google
JEV,existing_shadow_evidence,shadow_preserved,off,HISTORICAL_EVIDENCE_ONLY,prior_32case_shadow_comparison,,,,,,new_jev_accuracy_gain,,,,,,,,0,,Keep shadow-only due material venue-role regression,REJECTED_EXPERIMENTS.md,No duplicate paid benchmark; prior exposed32case result not a new heldout arm
WINNER,winner,selected_executed,selected,MEASURED_CONDITIONAL_POLICY_PARITY,conditional_retained_output_policy_parity_only,31,31,15,0,,correct_autonomous_resolution,0,15,0,0.49059999999997217,0.7093000000000416,1.2424000000000888,2.096400000000017,0,Immutable baseline_repaired;31submittedpairs;15exactpairs/13groups,Policy parity:31review;strict top1=9/15;0changed cases; no autonomy improvement,runs/winner/run.json;runs/winner/summary.json;runs/winner/paired_comparison.json;runs/baseline_repaired/scores.json,Source7aa09f0f1bc6a738a3b83dd42c696ce40ce5d4a3. Adapter winner is policy-parity alias; no media/Places mode transform. Local policy microtiming only; no performance ablation or speed claim. Five strict alias inconclusives; autonomous precision undefined; real multi and unseen recognitionN=0. End-to-end accuracy/speed/cost frontier remains unavailable.
