case_id,platform,source_public_id,source_url_reference,retrieval_date,access_status,acquisition_method,media_sha256,media_bytes,duration_seconds,review_frame_count_1fps,benchmark_frame_count,media_cache_ref,source_retained_until,state,exposure,reason_code
g_056c4c21a0a6119c,instagram,5oXehfQxb2,https://www.instagram.com/p/5oXehfQxb2/,2026-10-09,public_media_acquired,yt-dlp_public_source_no_browser_cookies,a243f7928d9e3e84b5712d83c6db884598c8a2d1a219628a4a6c8fa297d6872b,1558499,10.958413,11,5,media/g_056c4c21a0a6119c,2026-11-07,candidate,historical_outcomes_already_exposed,independent_label_review_pending
g_0643eb2722b3867e,instagram,DX2FYClJWR5,https://www.instagram.com/reel/DX2FYClJWR5/,2026-10-09,public_media_acquired,yt-dlp_public_source_no_browser_cookies,775115d1a579bcba86ec962bc8f3fae2b8808c8f169a113651638d93646dd1b2,4099856,13.789796,14,5,media/g_0643eb2722b3867e,2026-11-07,candidate,historical_outcomes_already_exposed,independent_label_review_pending
g_078765cd5f6b6227,youtube,rrKmN3zZ0lM,https://www.youtube.com/watch?v=rrKmN3zZ0lM,2026-10-09,acquisition_failed,yt-dlp_public_source_no_browser_cookies,,,,0,0,,,candidate,historical_outcomes_already_exposed,MEDIA_HTTP_403
g_117b5a555bbfb817,instagram,DFlnzJHy3hA,https://www.instagram.com/reel/DFlnzJHy3hA/,2026-10-09,public_media_acquired,yt-dlp_public_source_no_browser_cookies,dd0bb1920e5fb5bd423b36a9e62640080ebfd776d62163596ada529e2ebd5eb0,1368767,5.523492,5,5,media/g_117b5a555bbfb817,2026-11-07,candidate,historical_outcomes_already_exposed,independent_label_review_pending
g_2a9b88a0eeae110a,youtube,a2bhaS32QVA,https://www.youtube.com/watch?v=a2bhaS32QVA,2026-10-09,public_media_acquired,yt-dlp_public_source_no_browser_cookies,a26c00d1006f3970db610197a3da82ac7408a647760aac31374664fd3ea457d0,2092060,35.89805,36,10,media/g_2a9b88a0eeae110a,2026-11-07,candidate,historical_outcomes_already_exposed,independent_label_review_pending
g_365e72058d9a5901,instagram,DSvmLO_Eom9,https://www.instagram.com/reel/DSvmLO_Eom9/,2026-10-09,public_media_acquired,yt-dlp_public_source_no_browser_cookies,8ad17f6d2e3b41895df7698e7aa654d1ef3f2b7449586db73bf369e4fafa81be,8551334,23.799048,24,5,media/g_365e72058d9a5901,2026-11-07,candidate,historical_outcomes_already_exposed,independent_label_review_pending
g_397c756fd5b9c198,instagram,DZbppj6IXOt,https://www.instagram.com/reel/DZbppj6IXOt/,2026-10-09,public_media_acquired,yt-dlp_public_source_no_browser_cookies,61a031cf7ef6f167b57fb5c13b4973a112e02436ffb61477a740558a98a5a151,3723004,10.167483,10,5,media/g_397c756fd5b9c198,2026-11-07,candidate,historical_outcomes_already_exposed,independent_label_review_pending
g_442a62dbf7067a5e,instagram,Davq4ZDvO7f,https://www.instagram.com/p/Davq4ZDvO7f/,2026-10-09,public_media_acquired,yt-dlp_public_source_no_browser_cookies,09cfafa2e9c291734293fd999e88d7ee67b0c2ff3d37e2b66f4fe7cf4e760ee0,7141642,12.744898,13,5,media/g_442a62dbf7067a5e,2026-11-07,candidate,historical_outcomes_already_exposed,independent_label_review_pending
g_47b3de911a302323,instagram,DNKwgA6MQ9m,https://www.instagram.com/p/DNKwgA6MQ9m/,2026-10-09,public_media_acquired,yt-dlp_public_source_no_browser_cookies,8253af28008aab65bcf325c3a33381fec02ef739d01c15276d72cd45f91de064,4674120,8.682857,9,5,media/g_47b3de911a302323,2026-11-07,candidate,historical_outcomes_already_exposed,independent_label_review_pending
g_4b39c1f847cb2a30,instagram,CoDBylYjjTH,https://www.instagram.com/p/CoDBylYjjTH/,2026-10-09,public_media_acquired,yt-dlp_public_source_no_browser_cookies,2a3d0725a5d75cd5d11bf3bc5cf66502024fd15d4b018cac65cb018f004c2bd8,2587798,6.38263,6,5,media/g_4b39c1f847cb2a30,2026-11-07,candidate,historical_outcomes_already_exposed,independent_label_review_pending
g_4bdc337579e5a19d,instagram,DZDZ4hQI1ih,https://www.instagram.com/reel/DZDZ4hQI1ih/,2026-10-09,public_media_acquired,yt-dlp_public_source_no_browser_cookies,7e93f3feffad49cb829e260a621b1fa1283742c3e3df00a0d1440dfe214e02f0,1187094,7.682948,8,5,media/g_4bdc337579e5a19d,2026-11-07,candidate,historical_outcomes_already_exposed,independent_label_review_pending
g_65ab0ed6c9fa0f60,instagram,CvsmEqhKIeO,https://www.instagram.com/p/CvsmEqhKIeO/,2026-10-09,public_media_acquired,yt-dlp_public_source_no_browser_cookies,2744cff2e8a9f2c6326bf434e788996d78f23ef065186489c5eb1995947146d4,6653544,8.424535,8,5,media/g_65ab0ed6c9fa0f60,2026-11-07,candidate,historical_outcomes_already_exposed,independent_label_review_pending
g_68cc3d99cca3cb95,instagram,DbTo6bsR-9U,https://www.instagram.com/reel/DbTo6bsR-9U/,2026-10-09,public_media_acquired,yt-dlp_public_source_no_browser_cookies,19be10e0a48003cd08d9da66ae284802097475e058ce311ff24e729da0755cd5,7660070,10.306803,10,5,media/g_68cc3d99cca3cb95,2026-11-07,candidate,historical_outcomes_already_exposed,independent_label_review_pending
g_721a00d5e9882dc3,facebook,929350391860900,https://www.facebook.com/watch/?v=929350391860900,2026-10-09,public_media_acquired,yt-dlp_public_source_no_browser_cookies,2e9fc05494b6f43f7b07d964ade4c250f7bc93281b66112a18d5d780e067951a,2344454,16.433333,16,5,media/g_721a00d5e9882dc3,2026-11-07,candidate,historical_outcomes_already_exposed,independent_label_review_pending
g_73b60b55d34d3611,instagram,DAvJrtQIGVU,https://www.instagram.com/p/DAvJrtQIGVU/,2026-10-09,public_media_acquired,yt-dlp_public_source_no_browser_cookies,1a16ede202123135455c640dfb45454e10e9b7e462dbeb5cabec7806d1bad2b3,3329859,8.704626,9,5,media/g_73b60b55d34d3611,2026-11-07,candidate,historical_outcomes_already_exposed,independent_label_review_pending
g_7cbd2ab8eca847a5,instagram,CV8GaG8LHbK,https://www.instagram.com/p/CV8GaG8LHbK/,2026-10-09,public_media_acquired,yt-dlp_public_source_no_browser_cookies,600c0ce2d55760fb29796104eaa641581f5f074a17dc63d84edb9e4a606f22a7,2381579,7.380042,7,5,media/g_7cbd2ab8eca847a5,2026-11-07,candidate,historical_outcomes_already_exposed,independent_label_review_pending
g_8068627a5e7aedd8,instagram,DZIXov9tVu7,https://www.instagram.com/p/DZIXov9tVu7/,2026-10-09,public_media_acquired,yt-dlp_public_source_no_browser_cookies,a28442290418dbfdacddd9163e0f88996d281935bbc6e85b7818496610cc7ed9,9307585,26.746531,27,12,media/g_8068627a5e7aedd8,2026-11-07,candidate,historical_outcomes_already_exposed,independent_label_review_pending
g_8390ef601db2f5b0,instagram,Dc1-OPBBGEP,https://www.instagram.com/p/Dc1-OPBBGEP/,2026-10-09,public_media_acquired,yt-dlp_public_source_no_browser_cookies,bbb96d68e26ec4bd5de81aec636ccc6b35864cc15e4b34cdb84123d4f890fded,6829476,11.049841,11,10,media/g_8390ef601db2f5b0,2026-11-07,candidate,historical_outcomes_already_exposed,independent_label_review_pending
g_8817a2c51b73cc1d,instagram,DJ1CVA8vbfV,https://www.instagram.com/reel/DJ1CVA8vbfV/,2026-10-09,public_media_acquired,yt-dlp_public_source_no_browser_cookies,4dae53dd413d53d5d85b37b4939c8f2c5c17fbf724832f3e7e6630c1c0b76c58,6695964,14.929025,15,5,media/g_8817a2c51b73cc1d,2026-11-07,candidate,historical_outcomes_already_exposed,independent_label_review_pending
g_8f77f60c6cd2698d,instagram,DYq7Q3Lza0G,https://www.instagram.com/reel/DYq7Q3Lza0G/,2026-10-09,public_media_acquired,yt-dlp_public_source_no_browser_cookies,6acae6ac4966fde97e5476973b98d30140010e3cc2ba3543828805454cfad359,7175465,8.797506,9,5,media/g_8f77f60c6cd2698d,2026-11-07,candidate,historical_outcomes_already_exposed,independent_label_review_pending
g_9d4173ac1dae9c47,instagram,Da2Rb92NKGw,https://www.instagram.com/p/Da2Rb92NKGw/,2026-10-09,public_media_acquired,yt-dlp_public_source_no_browser_cookies,3c4882162b4862290d2268287a973154f199ce0a3f67313b874e40fc41a22218,2534962,15.090113,15,5,media/g_9d4173ac1dae9c47,2026-11-07,candidate,historical_outcomes_already_exposed,independent_label_review_pending
g_9dc9c68f6d1303ba,instagram,C_voKVguTuR,https://www.instagram.com/p/C_voKVguTuR/,2026-10-09,public_media_acquired,yt-dlp_public_source_no_browser_cookies,921dfba94713c2c4f1101f00208b55c54b80b4887b7198d3c7bdd5347ac8c7ca,3132897,7.357868,7,5,media/g_9dc9c68f6d1303ba,2026-11-07,candidate,historical_outcomes_already_exposed,independent_label_review_pending
g_a598b63e7937280b,tiktok,7285850230342290731,https://www.tiktok.com/@theviplist/video/7285850230342290731,2026-10-09,public_media_acquired,yt-dlp_public_source_no_browser_cookies,c831fd1b4077a242c8b80f62ca196064883ab604742740305994abd997c8cbfb,6886286,66.2,66,16,media/g_a598b63e7937280b,2026-11-07,candidate,historical_outcomes_already_exposed,independent_label_review_pending
g_a942e403ebec9e72,instagram,DaKfoWjtFqT,https://www.instagram.com/reel/DaKfoWjtFqT/,2026-10-09,public_media_acquired,yt-dlp_public_source_no_browser_cookies,5fa9d657594358e8660d968e7215ad28bd6a8d845c45b66b08fdcd1e4aa49b32,5036065,10.631882,11,5,media/g_a942e403ebec9e72,2026-11-07,candidate,historical_outcomes_already_exposed,independent_label_review_pending
g_abe06315806a69b8,instagram,Db_26wNPuWb,https://www.instagram.com/reel/Db_26wNPuWb/,2026-10-09,public_media_acquired,yt-dlp_public_source_no_browser_cookies,a03b8c48f70eaa3881df9ed7a79955a78e565cb8ba4f2a33673bb3184957be74,5575150,25.771293,26,5,media/g_abe06315806a69b8,2026-11-07,candidate,historical_outcomes_already_exposed,independent_label_review_pending
g_b02ce36a56b361c9,instagram,DZ34ib4siQL,https://www.instagram.com/reel/DZ34ib4siQL/,2026-10-09,public_media_acquired,yt-dlp_public_source_no_browser_cookies,9c635a8ec5b84f9618fe7e75cd2449998810e4c715bd724a710086ee8bf5852e,14632224,17.830068,18,5,media/g_b02ce36a56b361c9,2026-11-07,candidate,historical_outcomes_already_exposed,independent_label_review_pending
g_b5b42b5a3416bdd0,instagram,Da8qiKkJupM,https://www.instagram.com/reel/Da8qiKkJupM/,2026-10-09,public_media_acquired,yt-dlp_public_source_no_browser_cookies,1b88f061f3f305d33b3e341e8f9daa12a40d1e0fd16fca9bc04c949794196f5d,6715203,11.282041,11,5,media/g_b5b42b5a3416bdd0,2026-11-07,candidate,historical_outcomes_already_exposed,independent_label_review_pending
g_c4f474cfecf7c939,instagram,C9Z963muLHI,https://www.instagram.com/reel/C9Z963muLHI/,2026-10-09,public_media_acquired,yt-dlp_public_source_no_browser_cookies,7ef456b1345870d2544265d4771e49abfca36f80e2b62850bb5be3da13e35ee8,3434294,9.122585,9,5,media/g_c4f474cfecf7c939,2026-11-07,candidate,historical_outcomes_already_exposed,independent_label_review_pending
g_d2bb55987b8eb87f,instagram,Db5qatGJgqH,https://www.instagram.com/reel/Db5qatGJgqH/,2026-10-09,public_media_acquired,yt-dlp_public_source_no_browser_cookies,f38280f4f0ed776d8a14ea69230f2a5db99f060288b5b145b87004c92ab42a59,8921408,15.647392,16,9,media/g_d2bb55987b8eb87f,2026-11-07,candidate,historical_outcomes_already_exposed,independent_label_review_pending
g_d6389b475f799530,instagram,DbTxk5KOg0N,https://www.instagram.com/reel/DbTxk5KOg0N/,2026-10-09,public_media_acquired,yt-dlp_public_source_no_browser_cookies,0dd5b9cf59e50af5ba16f042a882ba44aee2fae2b27453b894e68f7d0389875b,2558906,21.128753,21,5,media/g_d6389b475f799530,2026-11-07,candidate,historical_outcomes_already_exposed,independent_label_review_pending
g_db84cb5b03895cfb,instagram,DWJ2zaqEQOk,https://www.instagram.com/reel/DWJ2zaqEQOk/,2026-10-09,public_media_acquired,yt-dlp_public_source_no_browser_cookies,f948030aea396013ebdb5007bd9027d60f0e60825fc153102dc515009379c9db,6440609,14.463175,14,9,media/g_db84cb5b03895cfb,2026-11-07,candidate,historical_outcomes_already_exposed,independent_label_review_pending
g_dd983adcf6024c71,instagram,DZJ8ZvYub8Q,https://www.instagram.com/reel/DZJ8ZvYub8Q/,2026-10-09,public_media_acquired,yt-dlp_public_source_no_browser_cookies,0e2d172a15d54009254c19f95c3f74f4bf234c7ee2e95942cea5569b4a74e158,3415747,6.70771,7,5,media/g_dd983adcf6024c71,2026-11-07,candidate,historical_outcomes_already_exposed,independent_label_review_pending
g_e65f55e7c2e75d1d,instagram,Cg2U22DjbEJ,https://www.instagram.com/reel/Cg2U22DjbEJ/,2026-10-09,public_media_acquired,yt-dlp_public_source_no_browser_cookies,14f82b410207e324dae6a70ace7b7d24a7c1145ff3f75dd9154cea515ea14727,1178004,5.803583,6,5,media/g_e65f55e7c2e75d1d,2026-11-07,candidate,historical_outcomes_already_exposed,independent_label_review_pending
g_eacc312a97b2ab09,instagram,DaTCcpvIJWU,https://www.instagram.com/reel/DaTCcpvIJWU/,2026-10-09,public_media_acquired,yt-dlp_public_source_no_browser_cookies,08b1ec0f6bde91b9e2682b283e222ca117cdd82ac8894ede0feb231d812b7d95,7284154,10.213923,10,5,media/g_eacc312a97b2ab09,2026-11-07,candidate,historical_outcomes_already_exposed,independent_label_review_pending
g_f26bce2d6f45a6cb,instagram,C0bg-7sooKi,https://www.instagram.com/reel/C0bg-7sooKi/,2026-10-09,public_media_acquired,yt-dlp_public_source_no_browser_cookies,891cf22e3bacd7cc84936d3e7b4df93b02f826ad53c479b7e1d198b028d03460,4262113,19.292925,19,5,media/g_f26bce2d6f45a6cb,2026-11-07,candidate,historical_outcomes_already_exposed,independent_label_review_pending
