case_id,platform,source_public_id,source_url_reference,retrieval_date,public_access_status,acquisition_method,media_sha256,media_bytes,duration_seconds,review_frame_count_1fps,benchmark_frame_count,media_cache_ref,source_retained_until,state,exposure,reason_code
g_1c334195cd3c77f0,instagram,DWZNJZ-EthD,https://www.instagram.com/p/DWZNJZ-EthD/,2026-10-08,public_media_acquired_without_authentication,yt-dlp_public_source_no_browser_cookies,8159b0156ed46815dae36261ac9ee424dde23cd0645f8ac7ec03effce10ab787,1996218,8.009478,8,6,media/g_1c334195cd3c77f0,2026-11-07,candidate,historical_outcomes_already_exposed,independent_label_review_pending
g_20cb6121db7c4ac3,instagram,CqJo6QHJqPo,https://www.instagram.com/reel/CqJo6QHJqPo/,2026-10-08,public_media_acquired_without_authentication,yt-dlp_public_source_no_browser_cookies,30bd96766364278a3ac4a9d16e9f2efa371b0899d4aad482142a342ca9022a59,2717045,7.961587,8,5,media/g_20cb6121db7c4ac3,2026-11-07,candidate,historical_outcomes_already_exposed,independent_label_review_pending
g_40e5e8b6775b8256,instagram,C-VuDm0PmCH,https://www.instagram.com/p/C-VuDm0PmCH/,2026-10-08,public_media_acquired_without_authentication,yt-dlp_public_source_no_browser_cookies,0d0cbd7bb227755f3b9a838b766ea9adc509b2e64306cc58e3d78cfa23183130,5982369,10.887302,11,5,media/g_40e5e8b6775b8256,2026-11-07,candidate,historical_outcomes_already_exposed,independent_label_review_pending
g_444930e5711013fa,instagram,DWUI9fvDCck,https://www.instagram.com/reel/DWUI9fvDCck/,2026-10-08,public_media_acquired_without_authentication,yt-dlp_public_source_no_browser_cookies,0664b1e9832d52e0fc0620bcd7cca9a318488e045fdb546c0b1ff684e2b55e6c,5389639,32.320771,32,8,media/g_444930e5711013fa,2026-11-07,candidate,historical_outcomes_already_exposed,independent_label_review_pending
g_4799609640f8fe03,instagram,C9NorfaPN3T,https://www.instagram.com/p/C9NorfaPN3T/,2026-10-08,public_media_acquired_without_authentication,yt-dlp_public_source_no_browser_cookies,7aad87fe829f950e1a8e289bfcc4663934df7e1538a9a1ba637b795b08e37ff8,3876176,6.893469,7,5,media/g_4799609640f8fe03,2026-11-07,candidate,historical_outcomes_already_exposed,independent_label_review_pending
g_57b183e939907870,instagram,DYpcd2ZBTsZ,https://www.instagram.com/reel/DYpcd2ZBTsZ/,2026-10-08,public_media_acquired_without_authentication,yt-dlp_public_source_no_browser_cookies,aa68d387b452f8bd77e3abecfacf8e90cbfff516a95df7572a59a74498e6803c,4760321,15.020454,15,6,media/g_57b183e939907870,2026-11-07,candidate,historical_outcomes_already_exposed,independent_label_review_pending
g_8fa7686afb4197aa,instagram,C-BEtdnyGdR,https://www.instagram.com/reel/C-BEtdnyGdR/,2026-10-08,public_media_acquired_without_authentication,yt-dlp_public_source_no_browser_cookies,a86553a204c2f151e83fa328a07ff56a47cd7e8a162d4ab892bb1e5251915d22,3390394,11.6,12,6,media/g_8fa7686afb4197aa,2026-11-07,candidate,historical_outcomes_already_exposed,independent_label_review_pending
g_d165de6b3810e469,youtube,dQw4w9WgXcQ,https://www.youtube.com/watch?v=dQw4w9WgXcQ,2026-10-08,public_media_acquired_without_authentication,yt-dlp_public_source_no_browser_cookies,b298074d11825b452dcdeb4728d74407be38ce9a8671aa2607b1fd5f958dca53,84460003,213.089524,213,8,media/g_d165de6b3810e469,2026-11-07,candidate,historical_outcomes_already_exposed,independent_label_review_pending
g_d46ab9413102c7ea,instagram,Db3bZ_-Nz3R,https://www.instagram.com/p/Db3bZ_-Nz3R/,2026-10-08,public_media_acquired_without_authentication,yt-dlp_public_source_no_browser_cookies,72f5d0e5a22a8bb335a540dac18bd9c7b9655ffcf7fa94da3f35bc6e5ba83b46,3436763,7.05746,7,5,media/g_d46ab9413102c7ea,2026-11-07,candidate,historical_outcomes_already_exposed,independent_label_review_pending
g_dc2b21301ac26d1f,instagram,DCtiKTyIkxN,https://www.instagram.com/p/DCtiKTyIkxN/,2026-10-08,public_media_acquired_without_authentication,yt-dlp_public_source_no_browser_cookies,c977c7f5408d9be86aa23b2000b586bc329447d6cf8401e5f577e22bb02db495,6596243,7.404308,7,5,media/g_dc2b21301ac26d1f,2026-11-07,candidate,historical_outcomes_already_exposed,independent_label_review_pending
g_dc9f174e9dd1e976,instagram,C2QKOHuP6qG,https://www.instagram.com/reel/C2QKOHuP6qG/,2026-10-08,public_media_acquired_without_authentication,yt-dlp_public_source_no_browser_cookies,42e72e08207f63b5f0d3e751fcb970ab6e29d5b0eb33ec3519c1530e21dadbe8,3532948,11.88576,12,5,media/g_dc9f174e9dd1e976,2026-11-07,candidate,historical_outcomes_already_exposed,independent_label_review_pending
g_e5503b5436130c81,instagram,DYidHK4PuVf,https://www.instagram.com/reel/DYidHK4PuVf/,2026-10-08,public_media_acquired_without_authentication,yt-dlp_public_source_no_browser_cookies,fc9b549151707496bb87f7d20dca41f40efd7d3b8f692ca9483117bd0f3906d8,3214758,12.303719,12,6,media/g_e5503b5436130c81,2026-11-07,candidate,historical_outcomes_already_exposed,independent_label_review_pending
g_e8734b3a7e7495f9,instagram,Cj80H_jAXkm,https://www.instagram.com/p/Cj80H_jAXkm/,2026-10-08,public_media_acquired_without_authentication,yt-dlp_public_source_no_browser_cookies,6173fff05c0966b2aa9f4fdcfb729ed25d4a792c5c7dba55b09f4548159388ee,4459730,11.53746,11,5,media/g_e8734b3a7e7495f9,2026-11-07,candidate,historical_outcomes_already_exposed,independent_label_review_pending
g_e8b937eeb9a1f96a,instagram,DYfr81GhvTS,https://www.instagram.com/reel/DYfr81GhvTS/,2026-10-08,public_media_acquired_without_authentication,yt-dlp_public_source_no_browser_cookies,6d933640c1ec738fde44f4605235265649b1cbeb0661d7a5be569b1aa4389596,6695104,27.628889,28,6,media/g_e8b937eeb9a1f96a,2026-11-07,candidate,historical_outcomes_already_exposed,independent_label_review_pending
g_f1e5ce2a7ada801c,instagram,DYVn771vefW,https://www.instagram.com/reel/DYVn771vefW/,2026-10-09,public_media_acquired_without_authentication,yt-dlp_public_source_no_browser_cookies,7359f885f227e75862ad3fd220c190fbadb14511bf16af5608afbd6ac67181a1,6887389,40.470975,40,6,media/g_f1e5ce2a7ada801c,2026-11-07,candidate,historical_outcomes_already_exposed,independent_label_review_pending
g_f29eacfabf6b5302,other,W7_EDlXWTBiXAEEniNoMPwAAYYmdnaHlpb3l5AZ-_qdtxAZ-_qF1-AAAAAQ,https://www.snapchat.com/@chrismagee3/spotlight/W7_EDlXWTBiXAEEniNoMPwAAYYmdnaHlpb3l5AZ-_qdtxAZ-_qF1-AAAAAQ,2026-10-09,public_media_acquired_without_authentication,yt-dlp_public_source_no_browser_cookies,b4eebcbfd4a594a753c6dc149bba83116cfab4c5c5d81cf4dda549415f351b95,6391346,19.466667,19,6,media/g_f29eacfabf6b5302,2026-11-07,candidate,historical_outcomes_already_exposed,independent_label_review_pending
g_ff7b94b7e96a3bd8,instagram,DV9RcvwAQ0P,https://www.instagram.com/p/DV9RcvwAQ0P/,2026-10-09,public_media_acquired_without_authentication,yt-dlp_public_source_no_browser_cookies,9a94f2a27ef200326e897e2633f1023df2fdf6288e588f1bdac0cacd3cf18f12,19161769,89.0239,89,8,media/g_ff7b94b7e96a3bd8,2026-11-07,candidate,historical_outcomes_already_exposed,independent_label_review_pending
