caseId,group,split,kind,label,boundary,status,observationAvailable,autonomous,correctAutonomous,exactSet,top1,tp,expectedCount,predictedCount,multiCorrect,wrongCountry,wrongRegion,unsupportedAutosave,failedConfidentResult,observationValidationError,wallTimeMs,timeToCorrectUsableMs,costUsd,retries,cacheBehavior,failureClass,places,candidates,stages
C06,group-e18b75a07d89860b,TRAIN_DEVELOPMENT,real,UNVERIFIED,deterministic_policy_replay,review,true,false,,,,,0,1,true,,,false,false,,6.190500000000043,,0,0,read_only_retained_evidence,,"[{""id"":""ChIJCYhMeztnXIYRmhgTIsz4azA"",""name"":""Tuxedo Cat's Coffee"",""locality"":""San Antonio"",""region"":""Texas"",""country"":""United States"",""address"":""6075 Heath Rd, San Antonio, TX 78250, USA""}]","[{""id"":""ChIJCYhMeztnXIYRmhgTIsz4azA"",""name"":""Tuxedo Cat's Coffee"",""locality"":""San Antonio"",""region"":""Texas"",""country"":""United States"",""address"":""6075 Heath Rd, San Antonio, TX 78250, USA""}]","[{""name"":""canonicalization_local_replay"",""startMs"":0.6848999999999705,""endMs"":3.3841999999999643},{""name"":""premium_policy_replay"",""startMs"":3.3920000000000528,""endMs"":3.5270000000000437},{""name"":""automatic_deep_and_finalizer_replay"",""startMs"":3.648400000000038,""endMs"":6.031500000000051}]"
H01,group-1462acfd3f7301c9,TRAIN_DEVELOPMENT,real,VERIFIED_EXACT_SINGLE,deterministic_policy_replay,review,true,false,false,true,true,1,1,1,true,,,false,false,,1.6918000000000575,1.6918000000000575,0,0,read_only_retained_evidence,,"[{""id"":""ChIJE5pV1UMh3YARIhsItpUt0K8"",""name"":""2nd Floor Gallery Bar & Grill"",""locality"":""Huntington Beach"",""region"":""California"",""country"":""United States"",""address"":""126 Main St, Huntington Beach, CA 92648, USA""}]","[{""id"":""ChIJE5pV1UMh3YARIhsItpUt0K8"",""name"":""2nd Floor Gallery Bar & Grill"",""locality"":""Huntington Beach"",""region"":""California"",""country"":""United States"",""address"":""126 Main St, Huntington Beach, CA 92648, USA""}]","[{""name"":""canonicalization_local_replay"",""startMs"":0.1271000000000413,""endMs"":0.9390000000000782},{""name"":""premium_policy_replay"",""startMs"":0.9424999999999955,""endMs"":1.608000000000061},{""name"":""automatic_deep_and_finalizer_replay"",""startMs"":1.6317000000000235,""endMs"":1.675799999999981}]"
H02,group-c80c005bf0f8461e,TRAIN_DEVELOPMENT,real,VERIFIED_EXACT_SINGLE,deterministic_policy_replay,review,true,false,false,true,true,1,1,1,true,,,false,false,,0.35609999999996944,0.35609999999996944,0,0,read_only_retained_evidence,,"[{""id"":""ChIJa-286P5BjoARx03hogk54cw"",""name"":""Mad Yolks"",""locality"":""Santa Cruz"",""region"":""California"",""country"":""United States"",""address"":""1411 Pacific Ave, Santa Cruz, CA 95060, USA""}]","[{""id"":""ChIJa-286P5BjoARx03hogk54cw"",""name"":""Mad Yolks"",""locality"":""Santa Cruz"",""region"":""California"",""country"":""United States"",""address"":""1411 Pacific Ave, Santa Cruz, CA 95060, USA""}]","[{""name"":""canonicalization_local_replay"",""startMs"":0.11269999999990432,""endMs"":0.2900999999999385},{""name"":""premium_policy_replay"",""startMs"":0.2927999999999429,""endMs"":0.3038999999999987},{""name"":""automatic_deep_and_finalizer_replay"",""startMs"":0.3149999999999409,""endMs"":0.34209999999995944}]"
H03,group-9926b4b686fcbb90,TRAIN_DEVELOPMENT,real,UNVERIFIED,deterministic_policy_replay,review,true,false,,,,,0,1,true,,,false,false,,0.5615999999999985,,0,0,read_only_retained_evidence,,"[{""id"":""ChIJB7PfHJtqjoARSxWPsJUMYQA"",""name"":""Las Palmas Taco Bar"",""locality"":""Santa Cruz"",""region"":""California"",""country"":""United States"",""address"":""55 Front St, Santa Cruz, CA 95060, USA""}]","[{""id"":""ChIJB7PfHJtqjoARSxWPsJUMYQA"",""name"":""Las Palmas Taco Bar"",""locality"":""Santa Cruz"",""region"":""California"",""country"":""United States"",""address"":""55 Front St, Santa Cruz, CA 95060, USA""}]","[{""name"":""canonicalization_local_replay"",""startMs"":0.16049999999995634,""endMs"":0.4230000000000018},{""name"":""premium_policy_replay"",""startMs"":0.44450000000006185,""endMs"":0.45860000000004675},{""name"":""automatic_deep_and_finalizer_replay"",""startMs"":0.49320000000000164,""endMs"":0.5339000000000169}]"
H04,group-24136a7c1da16b4b,TRAIN_DEVELOPMENT,real,VERIFIED_EXACT_SINGLE,deterministic_policy_replay,review,true,false,false,true,true,1,1,1,true,,,false,false,,0.5591999999999189,0.5591999999999189,0,0,read_only_retained_evidence,,"[{""id"":""ChIJnRX-2FJrjoARoeQkm8tJ08E"",""name"":""Seabright Deli"",""locality"":""Santa Cruz"",""region"":""California"",""country"":""United States"",""address"":""415 Seabright Ave, Santa Cruz, CA 95062, USA""}]","[{""id"":""ChIJnRX-2FJrjoARoeQkm8tJ08E"",""name"":""Seabright Deli"",""locality"":""Santa Cruz"",""region"":""California"",""country"":""United States"",""address"":""415 Seabright Ave, Santa Cruz, CA 95062, USA""}]","[{""name"":""canonicalization_local_replay"",""startMs"":0.19389999999998508,""endMs"":0.45059999999989486},{""name"":""premium_policy_replay"",""startMs"":0.4599999999999227,""endMs"":0.47679999999991196},{""name"":""automatic_deep_and_finalizer_replay"",""startMs"":0.4979999999999336,""endMs"":0.543399999999906}]"
H05,group-c80c005bf0f8461e,TRAIN_DEVELOPMENT,real,VERIFIED_EXACT_SINGLE,deterministic_policy_replay,review,true,false,false,true,true,1,1,1,true,,,false,false,,1.0175999999999021,1.0175999999999021,0,0,read_only_retained_evidence,,"[{""id"":""ChIJa-286P5BjoARx03hogk54cw"",""name"":""Mad Yolks"",""locality"":""Santa Cruz"",""region"":""California"",""country"":""United States"",""address"":""1411 Pacific Ave, Santa Cruz, CA 95060, USA""}]","[{""id"":""ChIJa-286P5BjoARx03hogk54cw"",""name"":""Mad Yolks"",""locality"":""Santa Cruz"",""region"":""California"",""country"":""United States"",""address"":""1411 Pacific Ave, Santa Cruz, CA 95060, USA""}]","[{""name"":""canonicalization_local_replay"",""startMs"":0.3594999999999118,""endMs"":0.8368999999999005},{""name"":""premium_policy_replay"",""startMs"":0.856899999999996,""endMs"":0.8860999999999422},{""name"":""automatic_deep_and_finalizer_replay"",""startMs"":0.9180000000000064,""endMs"":0.9972999999999956}]"
H06,group-3004d54bb4bf5a5f,TRAIN_DEVELOPMENT,real,VERIFIED_EXACT_SINGLE,deterministic_policy_replay,review,true,false,false,false,false,0,1,1,true,,,false,false,,2.5009999999999764,,0,0,read_only_retained_evidence,,"[{""id"":""ChIJdysZKQBNw4ARQHpLGNWirqc"",""name"":""Baqba Mexican Grill – Rialto"",""locality"":""Rialto"",""region"":""California"",""country"":""United States"",""address"":""1165 Renaissance Pkwy #410, Rialto, CA 92376, USA""}]","[{""id"":""ChIJdysZKQBNw4ARQHpLGNWirqc"",""name"":""Baqba Mexican Grill – Rialto"",""locality"":""Rialto"",""region"":""California"",""country"":""United States"",""address"":""1165 Renaissance Pkwy #410, Rialto, CA 92376, USA""},{""id"":""ChIJoV_1bwAzw4ARgnSzpaTeQLQ"",""name"":""Baqba Mexican Grill – Montclair"",""locality"":""Montclair"",""region"":""California"",""country"":""United States"",""address"":""4288 Holt Blvd unit J, Montclair, CA 91763, USA""}]","[{""name"":""canonicalization_local_replay"",""startMs"":0.5453999999999724,""endMs"":1.9323000000000548},{""name"":""canonicalization_local_replay"",""startMs"":1.951599999999985,""endMs"":2.3614000000000033},{""name"":""premium_policy_replay"",""startMs"":2.3640000000000327,""endMs"":2.3781999999999925},{""name"":""automatic_deep_and_finalizer_replay"",""startMs"":2.408300000000054,""endMs"":2.489900000000034}]"
H08,group-834d42451cf57548,TRAIN_DEVELOPMENT,real,VERIFIED_EXACT_SINGLE,deterministic_policy_replay,review,true,false,false,true,true,1,1,1,true,,,false,false,,1.012899999999945,1.012899999999945,0,0,read_only_retained_evidence,,"[{""id"":""ChIJG1xM7EHX3IARfRat2N2mU84"",""name"":""Loaded Cafe – Orange"",""locality"":""Orange"",""region"":""California"",""country"":""United States"",""address"":""1834 N Tustin St, Orange, CA 92865, USA""}]","[{""id"":""ChIJG1xM7EHX3IARfRat2N2mU84"",""name"":""Loaded Cafe – Orange"",""locality"":""Orange"",""region"":""California"",""country"":""United States"",""address"":""1834 N Tustin St, Orange, CA 92865, USA""}]","[{""name"":""canonicalization_local_replay"",""startMs"":0.2684000000000424,""endMs"":0.7183999999999742},{""name"":""premium_policy_replay"",""startMs"":0.7214999999999918,""endMs"":0.8413000000000466},{""name"":""automatic_deep_and_finalizer_replay"",""startMs"":0.8727000000000089,""endMs"":1.001700000000028}]"
H09,group-303db44b0f1a79ba,TRAIN_DEVELOPMENT,real,VERIFIED_EXACT_SINGLE,deterministic_policy_replay,review,true,false,false,false,false,0,1,1,true,,,false,false,,1.2424000000000888,,0,0,read_only_retained_evidence,,"[{""id"":""ChIJ2R9lbmYqw4ARNY62k_90y4Y"",""name"":""Pho Bamboo Restaurant"",""locality"":""City of Industry"",""region"":""California"",""country"":""United States"",""address"":""18209 Gale Ave, City of Industry, CA 91748, USA""}]","[{""id"":""ChIJ2R9lbmYqw4ARNY62k_90y4Y"",""name"":""Pho Bamboo Restaurant"",""locality"":""City of Industry"",""region"":""California"",""country"":""United States"",""address"":""18209 Gale Ave, City of Industry, CA 91748, USA""}]","[{""name"":""canonicalization_local_replay"",""startMs"":0.25310000000001764,""endMs"":0.7096000000000231},{""name"":""premium_policy_replay"",""startMs"":0.7113000000000511,""endMs"":1.1136000000000195},{""name"":""automatic_deep_and_finalizer_replay"",""startMs"":1.154800000000023,""endMs"":1.2305000000000064}]"
H10,group-fcfee9dbaea55d7b,TRAIN_DEVELOPMENT,real,UNVERIFIED,deterministic_policy_replay,review,true,false,,,,,0,1,true,,,false,false,,0.7919000000000551,,0,0,read_only_retained_evidence,,"[{""id"":""ChIJvxBa4_4f3YARih5A9O_Z6ps"",""name"":""Baja Sharkeez Newport Beach"",""locality"":""Newport Beach"",""region"":""California"",""country"":""United States"",""address"":""114 Mc Fadden Pl, Newport Beach, CA 92663, USA""}]","[{""id"":""ChIJvxBa4_4f3YARih5A9O_Z6ps"",""name"":""Baja Sharkeez Newport Beach"",""locality"":""Newport Beach"",""region"":""California"",""country"":""United States"",""address"":""114 Mc Fadden Pl, Newport Beach, CA 92663, USA""}]","[{""name"":""canonicalization_local_replay"",""startMs"":0.18050000000005184,""endMs"":0.4134999999999991},{""name"":""premium_policy_replay"",""startMs"":0.4151000000000522,""endMs"":0.7093999999999596},{""name"":""automatic_deep_and_finalizer_replay"",""startMs"":0.7436999999999898,""endMs"":0.7807999999999993}]"
H11,group-2a4a183c93aee491,TRAIN_DEVELOPMENT,real,UNVERIFIED,deterministic_policy_replay,review,true,false,,,,,0,1,true,,,false,false,,0.8745999999999867,,0,0,read_only_retained_evidence,,"[{""id"":""ChIJwfFb4flYwokRP78kZ3ER5a8"",""name"":""No Good Burger Joint"",""locality"":null,""region"":""New York"",""country"":""United States"",""address"":""119 W 56th St, New York, NY 10019, USA""}]","[{""id"":""ChIJwfFb4flYwokRP78kZ3ER5a8"",""name"":""No Good Burger Joint"",""locality"":null,""region"":""New York"",""country"":""United States"",""address"":""119 W 56th St, New York, NY 10019, USA""},{""id"":""ChIJ6UFvLv17wokRLxG2cJk8iFA"",""name"":""No Good Burger Joint – Rockville Centre"",""locality"":""Rockville Centre"",""region"":""New York"",""country"":""United States"",""address"":""88 N Village Ave, Rockville Centre, NY 11570, USA""},{""id"":""ChIJs6bUiwp7wokRzCTx1C_Cjq0"",""name"":""No Good Burger Joint – Baldwin"",""locality"":""Baldwin"",""region"":""New York"",""country"":""United States"",""address"":""930 Atlantic Ave, Baldwin, NY 11510, USA""}]","[{""name"":""canonicalization_local_replay"",""startMs"":0.23889999999994416,""endMs"":0.5610000000000355},{""name"":""canonicalization_local_replay"",""startMs"":0.566599999999994,""endMs"":0.7613999999999805},{""name"":""premium_policy_replay"",""startMs"":0.7633999999999332,""endMs"":0.7954999999999472},{""name"":""automatic_deep_and_finalizer_replay"",""startMs"":0.8242000000000189,""endMs"":0.8611999999999398}]"
H12,group-4b172e80e17a5fa7,TRAIN_DEVELOPMENT,real,UNVERIFIED,deterministic_policy_replay,review,true,false,,,,,0,1,true,,,false,false,,0.3688999999999396,,0,0,read_only_retained_evidence,,"[{""id"":""ChIJB8TeZRjkjYAR4UJK4fNQ8-M"",""name"":""Old Fisherman's Grotto"",""locality"":""Monterey"",""region"":""California"",""country"":""United States"",""address"":""39 Fishermans Wharf, Monterey, CA 93940, USA""}]","[{""id"":""ChIJB8TeZRjkjYAR4UJK4fNQ8-M"",""name"":""Old Fisherman's Grotto"",""locality"":""Monterey"",""region"":""California"",""country"":""United States"",""address"":""39 Fishermans Wharf, Monterey, CA 93940, USA""}]","[{""name"":""canonicalization_local_replay"",""startMs"":0.11879999999996471,""endMs"":0.3161999999999807},{""name"":""premium_policy_replay"",""startMs"":0.31729999999993197,""endMs"":0.3288000000000011},{""name"":""automatic_deep_and_finalizer_replay"",""startMs"":0.3365999999999758,""endMs"":0.36379999999996926}]"
P01,group-2758a1c329d45c03,TRAIN_DEVELOPMENT,real,VERIFIED_EXACT_SINGLE,deterministic_policy_replay,review,true,false,false,false,false,0,1,1,true,,,false,false,,0.5398999999999887,,0,0,read_only_retained_evidence,,"[{""id"":""ChIJPxBh-XgWjoARZlz1iflbMsE"",""name"":""Aptos Street BBQ"",""locality"":""Aptos"",""region"":""California"",""country"":""United States"",""address"":""8059 Aptos St, Aptos, CA 95003, USA""}]","[{""id"":""ChIJPxBh-XgWjoARZlz1iflbMsE"",""name"":""Aptos Street BBQ"",""locality"":""Aptos"",""region"":""California"",""country"":""United States"",""address"":""8059 Aptos St, Aptos, CA 95003, USA""}]","[{""name"":""canonicalization_local_replay"",""startMs"":0.16020000000003165,""endMs"":0.42449999999996635},{""name"":""premium_policy_replay"",""startMs"":0.42689999999993233,""endMs"":0.4922000000000253},{""name"":""automatic_deep_and_finalizer_replay"",""startMs"":0.5045999999999822,""endMs"":0.532100000000014}]"
P02,group-16acf74d124a9b4d,TRAIN_DEVELOPMENT,real,UNVERIFIED,deterministic_policy_replay,review,true,false,,,,,0,1,true,,,false,false,,0.3166999999999689,,0,0,read_only_retained_evidence,,"[{""id"":""ChIJvUH-h0Eh3YARm3aq4RiI5Sc"",""name"":""BLK Earth Sea Spirits"",""locality"":""Huntington Beach"",""region"":""California"",""country"":""United States"",""address"":""300 Pacific Coast Hwy Ste 202, Huntington Beach, CA 92648, USA""}]","[{""id"":""ChIJvUH-h0Eh3YARm3aq4RiI5Sc"",""name"":""BLK Earth Sea Spirits"",""locality"":""Huntington Beach"",""region"":""California"",""country"":""United States"",""address"":""300 Pacific Coast Hwy Ste 202, Huntington Beach, CA 92648, USA""}]","[{""name"":""canonicalization_local_replay"",""startMs"":0.12599999999997635,""endMs"":0.2863999999999578},{""name"":""premium_policy_replay"",""startMs"":0.28759999999999764,""endMs"":0.2907999999999902},{""name"":""automatic_deep_and_finalizer_replay"",""startMs"":0.29740000000003874,""endMs"":0.3129000000000133}]"
P03,group-c994ecef8f751a78,TRAIN_DEVELOPMENT,real,UNVERIFIED,deterministic_policy_replay,review,true,false,,,,,0,1,true,,,false,false,,0.3469000000000051,,0,0,read_only_retained_evidence,,"[{""id"":""ChIJSado-SVAjoARLJTf9JyolQE"",""name"":""Chocolate (Chocolate the Restaurant)"",""locality"":""Santa Cruz"",""region"":""California"",""country"":""United States"",""address"":""1522 Pacific Ave, Santa Cruz, CA 95060, USA""}]","[{""id"":""ChIJSado-SVAjoARLJTf9JyolQE"",""name"":""Chocolate (Chocolate the Restaurant)"",""locality"":""Santa Cruz"",""region"":""California"",""country"":""United States"",""address"":""1522 Pacific Ave, Santa Cruz, CA 95060, USA""}]","[{""name"":""canonicalization_local_replay"",""startMs"":0.10789999999997235,""endMs"":0.27290000000004966},{""name"":""premium_policy_replay"",""startMs"":0.2740999999999758,""endMs"":0.31989999999996144},{""name"":""automatic_deep_and_finalizer_replay"",""startMs"":0.32730000000003656,""endMs"":0.3429999999999609}]"
P04,group-529f9d5e5ed6a6ca,TRAIN_DEVELOPMENT,real,UNVERIFIED,deterministic_policy_replay,review,true,false,,,,,0,2,false,,,false,false,,0.4115999999999076,,0,0,read_only_retained_evidence,,"[{""id"":""ChIJ_xurk7bf3IARMf5rcv8wxJs"",""name"":""Mesa Verde Farmers Market (Farm Habit Mesa Verde)"",""locality"":""Costa Mesa"",""region"":""California"",""country"":""United States"",""address"":""1525 Mesa Verde Dr E, Costa Mesa, CA 92626, USA""},{""id"":""ChIJYRZbxcLf3IARboEvbUfAXRk"",""name"":""Deli Nerds"",""locality"":""Costa Mesa"",""region"":""California"",""country"":""United States"",""address"":""1525 Mesa Verde Dr E Ste 117, Costa Mesa, CA 92626, USA""}]","[{""id"":""ChIJ_xurk7bf3IARMf5rcv8wxJs"",""name"":""Mesa Verde Farmers Market (Farm Habit Mesa Verde)"",""locality"":""Costa Mesa"",""region"":""California"",""country"":""United States"",""address"":""1525 Mesa Verde Dr E, Costa Mesa, CA 92626, USA""},{""id"":""ChIJYRZbxcLf3IARboEvbUfAXRk"",""name"":""Deli Nerds"",""locality"":""Costa Mesa"",""region"":""California"",""country"":""United States"",""address"":""1525 Mesa Verde Dr E Ste 117, Costa Mesa, CA 92626, USA""}]","[{""name"":""canonicalization_local_replay"",""startMs"":0.12439999999992324,""endMs"":0.28499999999996817},{""name"":""premium_policy_replay"",""startMs"":0.286200000000008,""endMs"":0.2898999999999887},{""name"":""canonicalization_local_replay"",""startMs"":0.29369999999994434,""endMs"":0.3827999999999747},{""name"":""premium_policy_replay"",""startMs"":0.3833999999999378,""endMs"":0.3854999999999791},{""name"":""automatic_deep_and_finalizer_replay"",""startMs"":0.39179999999998927,""endMs"":0.4076999999999771}]"
P05,group-570d18a23470cca7,TRAIN_DEVELOPMENT,real,VERIFIED_EXACT_SINGLE,deterministic_policy_replay,review,true,false,false,false,false,0,1,1,true,,,false,false,,0.14210000000002765,,0,0,read_only_retained_evidence,,"[{""id"":null,""name"":""Orange County Greek Festival (OC Greek Fest) at St. John the Baptist Greek Orthodox Church"",""locality"":""Anaheim"",""region"":""California"",""country"":""United States"",""address"":null}]","[{""id"":null,""name"":""Orange County Greek Festival (OC Greek Fest) at St. John the Baptist Greek Orthodox Church"",""locality"":""Anaheim"",""region"":""California"",""country"":""United States"",""address"":null}]","[{""name"":""premium_policy_replay"",""startMs"":0.11360000000001946,""endMs"":0.12479999999993652},{""name"":""automatic_deep_and_finalizer_replay"",""startMs"":0.13059999999995853,""endMs"":0.137299999999982}]"
P06,group-f5d98b10bd2d59d9,TRAIN_DEVELOPMENT,real,VERIFIED_EXACT_SINGLE,deterministic_policy_replay,review,true,false,false,false,false,0,1,1,true,,,false,false,,0.21659999999997126,,0,0,read_only_retained_evidence,,"[{""id"":""ChIJ5cuORWom3YARPTjxELrS3ng"",""name"":""Biergarten at Old World Huntington Beach (Old World Village)"",""locality"":""Huntington Beach"",""region"":""California"",""country"":""United States"",""address"":""7561 Center Ave #49, Huntington Beach, CA 92647, USA""}]","[{""id"":""ChIJ5cuORWom3YARPTjxELrS3ng"",""name"":""Biergarten at Old World Huntington Beach (Old World Village)"",""locality"":""Huntington Beach"",""region"":""California"",""country"":""United States"",""address"":""7561 Center Ave #49, Huntington Beach, CA 92647, USA""}]","[{""name"":""premium_policy_replay"",""startMs"":0.11369999999999436,""endMs"":0.17579999999998108},{""name"":""automatic_deep_and_finalizer_replay"",""startMs"":0.18780000000003838,""endMs"":0.21249999999997726}]"
P07,group-6d972cde2ab759ee,TRAIN_DEVELOPMENT,real,UNVERIFIED,deterministic_policy_replay,review,true,false,,,,,0,1,true,,,false,false,,0.29179999999996653,,0,0,read_only_retained_evidence,,"[{""id"":""ChIJU_ab-yIVjoAR5WIBCe7nKpE"",""name"":""The Point Market"",""locality"":""Santa Cruz"",""region"":""California"",""country"":""United States"",""address"":""23040 E Cliff Dr, Santa Cruz, CA 95062, USA""}]","[{""id"":""ChIJU_ab-yIVjoAR5WIBCe7nKpE"",""name"":""The Point Market"",""locality"":""Santa Cruz"",""region"":""California"",""country"":""United States"",""address"":""23040 E Cliff Dr, Santa Cruz, CA 95062, USA""}]","[{""name"":""canonicalization_local_replay"",""startMs"":0.10550000000000637,""endMs"":0.248299999999972},{""name"":""premium_policy_replay"",""startMs"":0.24929999999994834,""endMs"":0.2617000000000189},{""name"":""automatic_deep_and_finalizer_replay"",""startMs"":0.2680000000000291,""endMs"":0.28769999999997253}]"
P08,group-24136a7c1da16b4b,TRAIN_DEVELOPMENT,real,UNVERIFIED,deterministic_policy_replay,review,true,false,,,,,0,1,true,,,false,false,,0.3264000000000351,,0,0,read_only_retained_evidence,,"[{""id"":""ChIJnRX-2FJrjoARoeQkm8tJ08E"",""name"":""Seabright Deli"",""locality"":""Santa Cruz"",""region"":""California"",""country"":""United States"",""address"":""415 Seabright Ave, Santa Cruz, CA 95062, USA""}]","[{""id"":""ChIJnRX-2FJrjoARoeQkm8tJ08E"",""name"":""Seabright Deli"",""locality"":""Santa Cruz"",""region"":""California"",""country"":""United States"",""address"":""415 Seabright Ave, Santa Cruz, CA 95062, USA""}]","[{""name"":""canonicalization_local_replay"",""startMs"":0.13139999999998508,""endMs"":0.29110000000002856},{""name"":""premium_policy_replay"",""startMs"":0.2923000000000684,""endMs"":0.29539999999997235},{""name"":""automatic_deep_and_finalizer_replay"",""startMs"":0.3020999999999958,""endMs"":0.3220999999999776}]"
P09,group-dc5c2523df8e2e36,TRAIN_DEVELOPMENT,real,UNVERIFIED,deterministic_policy_replay,review,true,false,,,,,0,1,true,,,false,false,,0.49059999999997217,,0,0,read_only_retained_evidence,,"[{""id"":""ChIJ4SCfxshrjoARoXzvWT_38_I"",""name"":""Tacos El Chuy food truck"",""locality"":""Santa Cruz"",""region"":""California"",""country"":""United States"",""address"":""402 Ingalls St, Santa Cruz, CA 95060, USA""}]","[{""id"":""ChIJ4SCfxshrjoARoXzvWT_38_I"",""name"":""Tacos El Chuy food truck"",""locality"":""Santa Cruz"",""region"":""California"",""country"":""United States"",""address"":""402 Ingalls St, Santa Cruz, CA 95060, USA""}]","[{""name"":""canonicalization_local_replay"",""startMs"":0.15629999999998745,""endMs"":0.43229999999994106},{""name"":""premium_policy_replay"",""startMs"":0.43489999999997053,""endMs"":0.4397000000000162},{""name"":""automatic_deep_and_finalizer_replay"",""startMs"":0.45719999999994343,""endMs"":0.48479999999995016}]"
R03,group-ab36036ef4ff0a20,TRAIN_DEVELOPMENT,real,UNVERIFIED,deterministic_policy_replay,review,true,false,,,,,0,1,true,,,false,false,,0.5862999999999374,,0,0,read_only_retained_evidence,,"[{""id"":""ChIJebCqymldv1QR2ivpC1qxzWI"",""name"":""Tamolitch Blue Pool (Tamolitch Falls)"",""locality"":""McKenzie Bridge"",""region"":""Oregon"",""country"":""United States"",""address"":""National Forest Road 2672-655, McKenzie Bridge, OR 97413, USA""}]","[{""id"":""ChIJebCqymldv1QR2ivpC1qxzWI"",""name"":""Tamolitch Blue Pool (Tamolitch Falls)"",""locality"":""McKenzie Bridge"",""region"":""Oregon"",""country"":""United States"",""address"":""National Forest Road 2672-655, McKenzie Bridge, OR 97413, USA""}]","[{""name"":""canonicalization_local_replay"",""startMs"":0.20309999999994943,""endMs"":0.5325000000000273},{""name"":""premium_policy_replay"",""startMs"":0.5354999999999563,""endMs"":0.5413999999999533},{""name"":""automatic_deep_and_finalizer_replay"",""startMs"":0.5511999999999944,""endMs"":0.5810999999999922}]"
R04,group-330dd1decd033bba,TRAIN_DEVELOPMENT,real,UNVERIFIED,deterministic_policy_replay,review,true,false,,,,,0,1,true,,,false,false,,0.626700000000028,,0,0,read_only_retained_evidence,,"[{""id"":null,""name"":""Dorset Marble Quarry (Norcross-West Marble Quarry)"",""locality"":""Dorset"",""region"":""Vermont"",""country"":""United States"",""address"":null}]","[{""id"":null,""name"":""Dorset Marble Quarry (Norcross-West Marble Quarry)"",""locality"":""Dorset"",""region"":""Vermont"",""country"":""United States"",""address"":null}]","[{""name"":""canonicalization_local_replay"",""startMs"":0.16020000000003165,""endMs"":0.5967000000000553},{""name"":""premium_policy_replay"",""startMs"":0.5991999999999962,""endMs"":0.6058000000000447},{""name"":""automatic_deep_and_finalizer_replay"",""startMs"":0.615099999999984,""endMs"":0.6194000000000415}]"
R05,group-1444962ff685397f,TRAIN_DEVELOPMENT,real,UNVERIFIED,deterministic_policy_replay,review,true,false,,,,,0,1,true,,,false,false,,0.5738999999999805,,0,0,read_only_retained_evidence,,"[{""id"":""ChIJTQwskQWEbm0RMTFAiStkGl8"",""name"":""Okere Falls Scenic Reserve (Kaituna River)"",""locality"":""Okere Falls"",""region"":""Bay of Plenty"",""country"":""New Zealand"",""address"":""9 Trout Pool Road, Okere Falls 3074, New Zealand""}]","[{""id"":""ChIJTQwskQWEbm0RMTFAiStkGl8"",""name"":""Okere Falls Scenic Reserve (Kaituna River)"",""locality"":""Okere Falls"",""region"":""Bay of Plenty"",""country"":""New Zealand"",""address"":""9 Trout Pool Road, Okere Falls 3074, New Zealand""},{""id"":""ChIJ-S7PTQKEbm0RYIRljW37IeA"",""name"":""Tutea Falls"",""locality"":""Okere Falls"",""region"":""Bay of Plenty"",""country"":""New Zealand"",""address"":""103 Trout Pool Road, Okere Falls 3074, New Zealand""},{""id"":""ChIJnaR98wGEbm0RDKp82Kq1-6c"",""name"":""Trout Pool Falls"",""locality"":""Okere Falls"",""region"":""Bay of Plenty"",""country"":""New Zealand"",""address"":""Okere Falls 3074, New Zealand""}]","[{""name"":""canonicalization_local_replay"",""startMs"":0.22090000000002874,""endMs"":0.41279999999994743},{""name"":""canonicalization_local_replay"",""startMs"":0.42229999999995016,""endMs"":0.5283999999999196},{""name"":""premium_policy_replay"",""startMs"":0.5294000000000096,""endMs"":0.5343000000000302},{""name"":""automatic_deep_and_finalizer_replay"",""startMs"":0.5439999999999827,""endMs"":0.5688000000000102}]"
R08,group-bda7ec4bbac58dc5,TRAIN_DEVELOPMENT,real,VERIFIED_EXACT_SINGLE,deterministic_policy_replay,review,true,false,false,false,false,0,1,1,true,,,false,false,,0.25930000000005293,,0,0,read_only_retained_evidence,,"[{""id"":null,""name"":""Moku Nui, Mokulua Islands"",""locality"":""Kailua"",""region"":""Hawaii"",""country"":""United States"",""address"":null}]","[{""id"":null,""name"":""Moku Nui, Mokulua Islands"",""locality"":""Kailua"",""region"":""Hawaii"",""country"":""United States"",""address"":null},{""id"":""ChIJwx-q1FEUAHwRoyqaD18fq38"",""name"":""Queen's Bath cliff-jumping cove, Moku Nui"",""locality"":""Kailua"",""region"":""Hawaii"",""country"":""United States"",""address"":""Moku Nui, Hawaii 96734, USA""}]","[{""name"":""premium_policy_replay"",""startMs"":0.1896000000000413,""endMs"":0.21440000000006876},{""name"":""automatic_deep_and_finalizer_replay"",""startMs"":0.22699999999997544,""endMs"":0.2545999999999822}]"
S01,group-24136a7c1da16b4b,TRAIN_DEVELOPMENT,real,VERIFIED_EXACT_SINGLE,deterministic_policy_replay,review,true,false,false,true,true,1,1,1,true,,,false,false,,0.38010000000008404,0.38010000000008404,0,0,read_only_retained_evidence,,"[{""id"":""ChIJnRX-2FJrjoARoeQkm8tJ08E"",""name"":""Seabright Deli"",""locality"":""Santa Cruz"",""region"":""California"",""country"":""United States"",""address"":""415 Seabright Ave, Santa Cruz, CA 95062, USA""}]","[{""id"":""ChIJnRX-2FJrjoARoeQkm8tJ08E"",""name"":""Seabright Deli"",""locality"":""Santa Cruz"",""region"":""California"",""country"":""United States"",""address"":""415 Seabright Ave, Santa Cruz, CA 95062, USA""}]","[{""name"":""canonicalization_local_replay"",""startMs"":0.11910000000000309,""endMs"":0.34199999999998454},{""name"":""premium_policy_replay"",""startMs"":0.3442000000000007,""endMs"":0.3486000000000331},{""name"":""automatic_deep_and_finalizer_replay"",""startMs"":0.35530000000005657,""endMs"":0.375}]"
S06,group-24136a7c1da16b4b,TRAIN_DEVELOPMENT,real,UNVERIFIED,deterministic_policy_replay,review,true,false,,,,,0,1,true,,,false,false,,0.26749999999992724,,0,0,read_only_retained_evidence,,"[{""id"":""ChIJnRX-2FJrjoARoeQkm8tJ08E"",""name"":""Seabright Deli"",""locality"":""Santa Cruz"",""region"":""California"",""country"":""United States"",""address"":""415 Seabright Ave, Santa Cruz, CA 95062, USA""}]","[{""id"":""ChIJnRX-2FJrjoARoeQkm8tJ08E"",""name"":""Seabright Deli"",""locality"":""Santa Cruz"",""region"":""California"",""country"":""United States"",""address"":""415 Seabright Ave, Santa Cruz, CA 95062, USA""}]","[{""name"":""canonicalization_local_replay"",""startMs"":0.09859999999991942,""endMs"":0.20059999999989486},{""name"":""premium_policy_replay"",""startMs"":0.2018999999999096,""endMs"":0.23859999999990578},{""name"":""automatic_deep_and_finalizer_replay"",""startMs"":0.24539999999990414,""endMs"":0.2635999999999967}]"
V02,group-14be013e815b69d5,TRAIN_DEVELOPMENT,real,VERIFIED_EXACT_SINGLE,deterministic_policy_replay,review,true,false,false,true,true,1,1,1,true,,,false,false,,0.2601000000000795,0.2601000000000795,0,0,read_only_retained_evidence,,"[{""id"":""ChIJ3dEbnTMh3YARhAvz8VeCxJg"",""name"":""Capone's Cucina"",""locality"":""Huntington Beach"",""region"":""California"",""country"":""United States"",""address"":""19688 Beach Blvd #10, Huntington Beach, CA 92648, USA""}]","[{""id"":""ChIJ3dEbnTMh3YARhAvz8VeCxJg"",""name"":""Capone's Cucina"",""locality"":""Huntington Beach"",""region"":""California"",""country"":""United States"",""address"":""19688 Beach Blvd #10, Huntington Beach, CA 92648, USA""}]","[{""name"":""canonicalization_local_replay"",""startMs"":0.10230000000001382,""endMs"":0.2300999999999931},{""name"":""premium_policy_replay"",""startMs"":0.23120000000005803,""endMs"":0.23500000000001364},{""name"":""automatic_deep_and_finalizer_replay"",""startMs"":0.24070000000006075,""endMs"":0.2560000000000855}]"
V03,group-f4e6989385ff9927,TRAIN_DEVELOPMENT,real,VERIFIED_EXACT_SINGLE,deterministic_policy_replay,review,true,false,false,true,true,1,1,1,true,,,false,false,,0.22940000000005512,0.22940000000005512,0,0,read_only_retained_evidence,,"[{""id"":""ChIJmTMMbfBUUCERzikg7fC87Aw"",""name"":""Brooklyn City Pizzeria & Market"",""locality"":""Laguna Niguel"",""region"":""California"",""country"":""United States"",""address"":""30012 Crown Valley Pkwy Ste l, Laguna Niguel, CA 92677, USA""}]","[{""id"":""ChIJmTMMbfBUUCERzikg7fC87Aw"",""name"":""Brooklyn City Pizzeria & Market"",""locality"":""Laguna Niguel"",""region"":""California"",""country"":""United States"",""address"":""30012 Crown Valley Pkwy Ste l, Laguna Niguel, CA 92677, USA""}]","[{""name"":""canonicalization_local_replay"",""startMs"":0.09410000000002583,""endMs"":0.20510000000001583},{""name"":""premium_policy_replay"",""startMs"":0.20590000000004238,""endMs"":0.20870000000002165},{""name"":""automatic_deep_and_finalizer_replay"",""startMs"":0.21330000000000382,""endMs"":0.22649999999998727}]"
V04,group-c18d19d9d33cc24e,TRAIN_DEVELOPMENT,real,UNVERIFIED,deterministic_policy_replay,review,true,false,,,,,0,1,true,,,false,false,,0.6191000000000031,,0,0,read_only_retained_evidence,,"[{""id"":null,""name"":""Hellfire Bay"",""locality"":""Esperance"",""region"":""Western Australia"",""country"":""Australia"",""address"":null}]","[{""id"":null,""name"":""Hellfire Bay"",""locality"":""Esperance"",""region"":""Western Australia"",""country"":""Australia"",""address"":null}]","[{""name"":""canonicalization_local_replay"",""startMs"":0.13779999999997017,""endMs"":0.5848999999999478},{""name"":""premium_policy_replay"",""startMs"":0.5878999999999905,""endMs"":0.5939999999999372},{""name"":""automatic_deep_and_finalizer_replay"",""startMs"":0.6032999999999902,""endMs"":0.6078999999999724}]"
V05,group-9ab4b3b17d7ebfe6,TRAIN_DEVELOPMENT,real,VERIFIED_EXACT_SINGLE,deterministic_policy_replay,review,true,false,false,true,true,1,1,1,true,,,false,false,,0.43860000000006494,0.43860000000006494,0,0,read_only_retained_evidence,,"[{""id"":""ChIJl25h7GXf3IAR6OBs3e4cxrM"",""name"":""Paradise Dynasty at South Coast Plaza"",""locality"":""Costa Mesa"",""region"":""California"",""country"":""United States"",""address"":""3333 Bristol Street, BLM, 1 Bloomingdale's, Costa Mesa, CA 92626, USA""}]","[{""id"":""ChIJl25h7GXf3IAR6OBs3e4cxrM"",""name"":""Paradise Dynasty at South Coast Plaza"",""locality"":""Costa Mesa"",""region"":""California"",""country"":""United States"",""address"":""3333 Bristol Street, BLM, 1 Bloomingdale's, Costa Mesa, CA 92626, USA""},{""id"":""ChIJ__9LYP7AwoARbUN-XY5iVDs"",""name"":""Paradise Dynasty at The Americana at Brand"",""locality"":""Glendale"",""region"":""California"",""country"":""United States"",""address"":""177 Caruso Ave, Glendale, CA 91210, USA""}]","[{""name"":""canonicalization_local_replay"",""startMs"":0.1310000000000855,""endMs"":0.30910000000005766},{""name"":""canonicalization_local_replay"",""startMs"":0.3128000000000384,""endMs"":0.4071999999999889},{""name"":""premium_policy_replay"",""startMs"":0.40809999999999036,""endMs"":0.4109000000000833},{""name"":""automatic_deep_and_finalizer_replay"",""startMs"":0.41700000000003,""endMs"":0.43479999999999563}]"
